timestamp,snapshotDate,productId,productName,category,unitPrice,currentInventory,physicalInventory,historicalSales,salesVelocity7d,salesVelocity30d,inventoryAdjustments,replenishmentDelay,exceptionFrequency,shrinkageIndicator,reorderPoint,safetyStock,isAnomalyLabel,stockoutWithinNext7Days,stockoutOccurred
2026-01-01 00:00:00,2026-01-01,101,Organic Whole Milk 1L,Dairy & Fresh,65.0,14,4,26.4,28.0,22.0,-12,5,7,0.18,120,25,1,1,1
2026-01-01 03:00:00,2026-01-01,102,Greek Yogurt 400g,Dairy & Fresh,120.0,2,0,13.4,12.6,13.1,-8,5,6,0.2724,97,32,1,1,1
2026-01-01 06:00:00,2026-01-01,103,Artisan Sourdough Bread,Bakery,95.0,17,17,18.8,17.0,20.5,0,5,1,0.005,153,51,0,1,1
2026-01-01 09:00:00,2026-01-01,104,Sparkling Spring Water 500ml,Beverages,40.0,193,193,31.2,16.9,29.4,0,1,1,0.0201,102,73,0,0,0
2026-01-01 12:00:00,2026-01-01,105,Cold Pressed Orange Juice 1L,Beverages,180.0,27,27,14.0,12.4,14.6,0,6,2,0.049,123,36,0,1,1
2026-01-01 15:00:00,2026-01-01,106,Premium Arabica Coffee 250g,Packaged Foods,450.0,189,189,8.0,12.3,8.2,0,9,0,0.0475,93,20,0,0,0
2026-01-01 18:00:00,2026-01-01,107,Organic Rolled Oats 1kg,Packaged Foods,210.0,156,156,19.3,22.0,21.1,0,4,2,0.0544,136,52,0,0,0
2026-01-01 21:00:00,2026-01-01,108,Dark Chocolate Bar 70%,Snacks & Confectionery,160.0,174,174,21.2,20.4,21.8,-2,12,2,0.0798,315,54,0,0,0
2026-01-02 00:00:00,2026-01-02,109,Almond Granola Bites,Snacks & Confectionery,240.0,206,206,10.4,9.6,9.7,0,8,3,0.0068,101,24,0,0,0
2026-01-02 03:00:00,2026-01-02,110,Antibacterial Hand Wash 500ml,Personal Care,145.0,446,446,21.7,18.6,21.7,0,7,3,0.0909,205,54,0,0,0
2026-01-02 06:00:00,2026-01-02,111,Hydrating Shampoo 400ml,Personal Care,320.0,33,33,5.8,8.7,6.3,-2,6,1,0.0454,52,15,0,1,1
2026-01-02 09:00:00,2026-01-02,112,Biodegradable Dish Soap 1L,Household & Cleaning,190.0,1,1,14.1,13.2,13.8,0,3,2,0.0269,75,34,0,1,1
2026-01-02 12:00:00,2026-01-02,113,Microfiber Cleaning Cloths 4-Pack,Household & Cleaning,180.0,299,299,7.2,6.2,6.9,0,10,1,0.0661,86,17,0,0,0
2026-01-02 15:00:00,2026-01-02,114,USB-C Fast Charging Cable 2m,Electronics & Accessories,399.0,220,220,7.2,8.1,7.1,0,7,0,0.171,66,17,0,0,0
2026-01-02 18:00:00,2026-01-02,115,Wireless Optical Mouse,Electronics & Accessories,799.0,86,86,5.2,4.9,5.7,3,8,2,0.0384,59,14,0,0,0
2026-01-02 21:00:00,2026-01-02,116,Organic Whole Milk 1L (Batch 1),Dairy & Fresh,69.61,23,23,27.9,29.0,29.5,0,6,1,0.0343,250,73,0,1,1
2026-01-03 00:00:00,2026-01-03,117,Greek Yogurt 400g (Batch 1),Dairy & Fresh,115.82,279,66,17.1,16.7,17.3,-7,6,8,0.2016,146,43,1,1,1
2026-01-03 03:00:00,2026-01-03,118,Artisan Sourdough Bread (Batch 1),Bakery,108.22,48,48,11.6,10.2,11.8,0,1,4,0.0437,40,29,0,1,1
2026-01-03 06:00:00,2026-01-03,119,Sparkling Spring Water 500ml (Batch 1),Beverages,37.47,180,180,39.3,37.5,40.9,0,4,2,0.0324,265,102,0,1,1
2026-01-03 09:00:00,2026-01-03,120,Cold Pressed Orange Juice 1L (Batch 1),Beverages,185.78,102,102,14.0,13.2,12.7,0,5,1,0.0132,94,31,0,0,0
2026-01-03 12:00:00,2026-01-03,121,Premium Arabica Coffee 250g (Batch 1),Packaged Foods,424.09,41,41,7.7,7.6,7.0,0,5,3,0.0122,52,17,0,1,1
2026-01-03 15:00:00,2026-01-03,122,Organic Rolled Oats 1kg (Batch 1),Packaged Foods,218.88,62,62,10.8,9.4,11.2,0,7,1,0.0627,106,28,0,1,1
2026-01-03 18:00:00,2026-01-03,123,Dark Chocolate Bar 70% (Batch 1),Snacks & Confectionery,156.31,786,786,27.5,26.8,29.1,0,12,0,0.0957,421,72,0,0,0
2026-01-03 21:00:00,2026-01-03,124,Almond Granola Bites (Batch 1),Snacks & Confectionery,228.55,70,70,10.8,11.1,10.6,0,8,1,0.0519,110,26,0,1,1
2026-01-04 00:00:00,2026-01-04,125,Antibacterial Hand Wash 500ml (Batch 1),Personal Care,147.94,264,264,19.6,22.1,18.5,0,5,0,0.05,138,46,0,0,0
2026-01-04 03:00:00,2026-01-04,126,Hydrating Shampoo 400ml (Batch 1),Personal Care,355.26,249,52,8.1,8.1,7.9,-9,12,6,0.1242,113,19,1,1,1
2026-01-04 06:00:00,2026-01-04,127,Biodegradable Dish Soap 1L (Batch 1),Household & Cleaning,204.11,599,599,15.4,16.9,16.0,0,11,1,0.0755,216,40,0,0,0
2026-01-04 09:00:00,2026-01-04,128,Microfiber Cleaning Cloths 4-Pack (Batch 1),Household & Cleaning,162.12,115,115,3.1,2.8,3.4,0,14,3,0.1182,55,8,0,0,0
2026-01-04 12:00:00,2026-01-04,129,USB-C Fast Charging Cable 2m (Batch 1),Electronics & Accessories,398.15,118,118,7.0,7.5,7.3,-33,11,7,0.1428,98,18,1,0,0
2026-01-04 15:00:00,2026-01-04,130,Wireless Optical Mouse (Batch 1),Electronics & Accessories,832.06,141,141,4.0,8.5,3.8,-24,13,3,0.0384,58,9,1,0,0
2026-01-04 18:00:00,2026-01-04,131,Organic Whole Milk 1L (Batch 2),Dairy & Fresh,67.86,165,165,21.7,11.9,20.0,0,5,1,0.0343,150,50,0,0,0
2026-01-04 21:00:00,2026-01-04,132,Greek Yogurt 400g (Batch 2),Dairy & Fresh,121.57,8,8,6.4,7.2,6.3,0,2,2,0.044,27,15,0,1,1
2026-01-05 00:00:00,2026-01-05,133,Artisan Sourdough Bread (Batch 2),Bakery,90.37,2,2,12.9,12.7,12.9,0,1,2,0.051,44,32,0,1,1
2026-01-05 03:00:00,2026-01-05,134,Sparkling Spring Water 500ml (Batch 2),Beverages,36.27,391,391,33.1,29.1,35.0,-43,3,7,0.0258,192,87,1,0,0
2026-01-05 06:00:00,2026-01-05,135,Cold Pressed Orange Juice 1L (Batch 2),Beverages,188.24,82,82,8.9,9.2,8.5,0,7,2,0.0209,80,21,0,0,0
2026-01-05 09:00:00,2026-01-05,136,Premium Arabica Coffee 250g (Batch 2),Packaged Foods,464.14,184,7,6.5,8.1,6.6,-15,5,6,0.139,49,16,1,1,1
2026-01-05 12:00:00,2026-01-05,137,Organic Rolled Oats 1kg (Batch 2),Packaged Foods,220.67,19,19,15.5,15.8,15.4,0,5,0,0.0143,115,38,0,1,1
2026-01-05 15:00:00,2026-01-05,138,Dark Chocolate Bar 70% (Batch 2),Snacks & Confectionery,161.39,234,234,15.0,13.9,15.2,0,5,1,0.0759,114,38,0,0,0
2026-01-05 18:00:00,2026-01-05,139,Almond Granola Bites (Batch 2),Snacks & Confectionery,272.64,43,43,7.7,9.3,8.0,0,9,0,0.0129,92,20,0,1,1
2026-01-05 21:00:00,2026-01-05,140,Antibacterial Hand Wash 500ml (Batch 2),Personal Care,142.05,1096,1096,22.9,19.6,24.5,0,10,0,0.0076,306,61,0,0,0
2026-01-06 00:00:00,2026-01-06,141,Hydrating Shampoo 400ml (Batch 2),Personal Care,306.69,43,43,4.0,3.7,4.4,0,7,0,0.0109,41,11,0,0,0
2026-01-06 03:00:00,2026-01-06,142,Biodegradable Dish Soap 1L (Batch 2),Household & Cleaning,187.63,127,127,12.1,19.4,11.3,0,7,5,0.0287,107,28,0,1,1
2026-01-06 06:00:00,2026-01-06,143,Microfiber Cleaning Cloths 4-Pack (Batch 2),Household & Cleaning,194.55,192,192,6.5,6.5,6.5,-2,13,0,0.0587,100,16,0,0,0
2026-01-06 09:00:00,2026-01-06,144,USB-C Fast Charging Cable 2m (Batch 2),Electronics & Accessories,359.74,225,225,9.0,8.4,9.2,3,12,0,0.0393,133,23,0,0,0
2026-01-06 12:00:00,2026-01-06,145,Wireless Optical Mouse (Batch 2),Electronics & Accessories,779.22,212,212,8.9,9.9,9.8,-2,12,0,0.0071,141,24,0,0,0
2026-01-06 15:00:00,2026-01-06,146,Organic Whole Milk 1L (Batch 3),Dairy & Fresh,63.35,219,219,23.3,25.9,25.5,-2,3,0,0.0167,139,63,0,0,0
2026-01-06 18:00:00,2026-01-06,147,Greek Yogurt 400g (Batch 3),Dairy & Fresh,122.15,182,182,21.5,23.4,20.6,0,4,3,0.0282,133,51,0,0,0
2026-01-06 21:00:00,2026-01-06,148,Artisan Sourdough Bread (Batch 3),Bakery,108.65,10,10,25.8,22.7,26.1,-10,1,2,0.0721,91,65,0,1,1
2026-01-07 00:00:00,2026-01-07,149,Sparkling Spring Water 500ml (Batch 3),Beverages,44.21,708,708,26.0,29.1,26.5,0,20,2,0.0164,596,66,0,0,0
2026-01-07 03:00:00,2026-01-07,150,Cold Pressed Orange Juice 1L (Batch 3),Beverages,191.26,104,104,12.3,13.2,12.1,0,3,1,0.0334,66,30,0,0,0
2026-01-07 06:00:00,2026-01-07,151,Premium Arabica Coffee 250g (Batch 3),Packaged Foods,475.08,303,303,9.0,10.1,8.5,0,11,2,0.0081,114,21,0,0,0
2026-01-07 09:00:00,2026-01-07,152,Organic Rolled Oats 1kg (Batch 3),Packaged Foods,206.69,40,40,23.3,21.0,21.1,0,8,1,0.0761,220,52,0,1,1
2026-01-07 12:00:00,2026-01-07,153,Dark Chocolate Bar 70% (Batch 3),Snacks & Confectionery,144.2,34,34,26.9,27.0,26.8,0,3,4,0.017,147,67,0,1,1
2026-01-07 15:00:00,2026-01-07,154,Almond Granola Bites (Batch 3),Snacks & Confectionery,217.82,347,28,15.2,15.9,14.0,-16,10,5,0.2111,175,35,1,1,1
2026-01-07 18:00:00,2026-01-07,155,Antibacterial Hand Wash 500ml (Batch 3),Personal Care,155.71,129,20,19.9,18.3,18.2,-16,8,7,0.2706,190,45,1,1,1
2026-01-07 21:00:00,2026-01-07,156,Hydrating Shampoo 400ml (Batch 3),Personal Care,318.41,119,119,8.1,8.5,8.8,-2,8,1,0.0149,92,22,0,0,0
2026-01-08 00:00:00,2026-01-08,157,Biodegradable Dish Soap 1L (Batch 3),Household & Cleaning,176.33,135,135,8.5,9.3,8.8,0,6,0,0.0638,74,22,0,0,0
2026-01-08 03:00:00,2026-01-08,158,Microfiber Cleaning Cloths 4-Pack (Batch 3),Household & Cleaning,186.09,96,96,6.4,6.7,5.9,0,7,2,0.0115,55,14,0,0,0
2026-01-08 06:00:00,2026-01-08,159,USB-C Fast Charging Cable 2m (Batch 3),Electronics & Accessories,403.23,4,4,16.2,15.1,16.5,0,14,3,0.0081,272,41,0,1,1
2026-01-08 09:00:00,2026-01-08,160,Wireless Optical Mouse (Batch 3),Electronics & Accessories,719.35,7,7,3.5,3.1,3.9,0,20,0,0.0602,87,9,0,1,1
2026-01-08 12:00:00,2026-01-08,161,Organic Whole Milk 1L (Batch 4),Dairy & Fresh,64.05,264,264,29.3,33.2,31.5,0,3,1,0.0356,172,78,0,0,0
2026-01-08 15:00:00,2026-01-08,162,Greek Yogurt 400g (Batch 4),Dairy & Fresh,108.69,117,117,14.7,16.6,14.9,0,3,1,0.0185,81,37,0,0,0
2026-01-08 18:00:00,2026-01-08,163,Artisan Sourdough Bread (Batch 4),Bakery,107.74,90,90,15.8,16.1,14.8,0,1,1,0.1407,51,37,0,1,1
2026-01-08 21:00:00,2026-01-08,164,Sparkling Spring Water 500ml (Batch 4),Beverages,42.33,277,277,28.5,29.9,30.5,0,6,2,0.0279,259,76,0,0,0
2026-01-09 00:00:00,2026-01-09,165,Cold Pressed Orange Juice 1L (Batch 4),Beverages,190.32,20,20,7.3,7.3,7.0,0,1,1,0.0171,24,17,0,1,1
2026-01-09 03:00:00,2026-01-09,166,Premium Arabica Coffee 250g (Batch 4),Packaged Foods,496.0,27,27,6.4,6.9,6.8,0,7,1,0.0917,64,17,0,1,1
2026-01-09 06:00:00,2026-01-09,167,Organic Rolled Oats 1kg (Batch 4),Packaged Foods,238.47,76,76,21.9,21.4,20.1,0,6,0,0.0444,170,50,0,1,1
2026-01-09 09:00:00,2026-01-09,168,Dark Chocolate Bar 70% (Batch 4),Snacks & Confectionery,180.81,474,474,21.1,18.6,21.5,0,4,2,0.0335,139,53,0,0,0
2026-01-09 12:00:00,2026-01-09,169,Almond Granola Bites (Batch 4),Snacks & Confectionery,274.7,31,31,11.8,11.0,11.9,0,3,1,0.0243,64,29,0,1,1
2026-01-09 15:00:00,2026-01-09,170,Antibacterial Hand Wash 500ml (Batch 4),Personal Care,162.3,199,199,14.5,15.6,15.6,0,6,1,0.0903,132,39,0,0,0
2026-01-09 18:00:00,2026-01-09,171,Hydrating Shampoo 400ml (Batch 4),Personal Care,348.5,2,2,10.9,11.9,10.3,0,2,2,0.0224,45,25,0,1,1
2026-01-09 21:00:00,2026-01-09,172,Biodegradable Dish Soap 1L (Batch 4),Household & Cleaning,194.11,46,46,8.2,8.5,7.6,0,7,2,0.0703,72,19,0,1,1
2026-01-10 00:00:00,2026-01-10,173,Microfiber Cleaning Cloths 4-Pack (Batch 4),Household & Cleaning,195.3,347,347,11.0,11.6,11.9,0,6,0,0.1393,100,29,0,0,0
2026-01-10 03:00:00,2026-01-10,174,USB-C Fast Charging Cable 2m (Batch 4),Electronics & Accessories,451.13,204,204,12.8,11.0,12.2,-5,9,2,0.1146,139,30,0,0,0
2026-01-10 06:00:00,2026-01-10,175,Wireless Optical Mouse (Batch 4),Electronics & Accessories,876.45,36,36,7.4,7.0,7.1,0,9,1,0.0206,80,17,0,1,1
2026-01-10 09:00:00,2026-01-10,176,Organic Whole Milk 1L (Batch 5),Dairy & Fresh,62.17,776,776,31.2,28.6,28.7,0,5,0,0.0376,214,71,0,0,0
2026-01-10 12:00:00,2026-01-10,177,Greek Yogurt 400g (Batch 5),Dairy & Fresh,136.4,73,73,19.1,16.7,18.5,-5,5,1,0.1287,138,46,0,1,1
2026-01-10 15:00:00,2026-01-10,178,Artisan Sourdough Bread (Batch 5),Bakery,98.75,189,189,22.2,21.3,23.2,-34,5,7,0.0493,174,58,1,0,0
2026-01-10 18:00:00,2026-01-10,179,Sparkling Spring Water 500ml (Batch 5),Beverages,38.1,532,532,29.6,33.4,27.3,-2,10,2,0.0515,341,68,0,0,0
2026-01-10 21:00:00,2026-01-10,180,Cold Pressed Orange Juice 1L (Batch 5),Beverages,163.4,117,117,16.0,7.0,14.6,-5,7,1,0.0142,138,36,0,0,0
2026-01-11 00:00:00,2026-01-11,181,Premium Arabica Coffee 250g (Batch 5),Packaged Foods,417.49,74,74,8.9,8.6,9.7,-2,5,1,0.072,72,24,0,0,0
2026-01-11 03:00:00,2026-01-11,182,Organic Rolled Oats 1kg (Batch 5),Packaged Foods,194.91,119,119,10.4,9.8,10.0,0,8,1,0.0396,105,25,0,0,0
2026-01-11 06:00:00,2026-01-11,183,Dark Chocolate Bar 70% (Batch 5),Snacks & Confectionery,177.17,278,278,26.5,25.0,26.1,0,10,1,0.0453,326,65,0,0,0
2026-01-11 09:00:00,2026-01-11,184,Almond Granola Bites (Batch 5),Snacks & Confectionery,218.74,198,198,7.6,7.9,7.3,0,11,1,0.005,98,18,0,0,0
2026-01-11 12:00:00,2026-01-11,185,Antibacterial Hand Wash 500ml (Batch 5),Personal Care,160.16,40,40,12.2,12.9,11.1,0,12,1,0.0283,160,27,0,1,1
2026-01-11 15:00:00,2026-01-11,186,Hydrating Shampoo 400ml (Batch 5),Personal Care,320.34,327,327,10.5,15.1,10.5,0,6,3,0.1851,89,26,0,0,0
2026-01-11 18:00:00,2026-01-11,187,Biodegradable Dish Soap 1L (Batch 5),Household & Cleaning,189.4,18,3,18.8,20.8,19.1,-19,5,7,0.1981,142,47,1,1,1
2026-01-11 21:00:00,2026-01-11,188,Microfiber Cleaning Cloths 4-Pack (Batch 5),Household & Cleaning,185.28,77,77,7.4,8.2,7.4,0,6,0,0.162,62,18,0,0,0
2026-01-12 00:00:00,2026-01-12,189,USB-C Fast Charging Cable 2m (Batch 5),Electronics & Accessories,396.05,221,221,8.2,4.1,7.5,0,21,1,0.1011,175,18,0,0,0
2026-01-12 03:00:00,2026-01-12,190,Wireless Optical Mouse (Batch 5),Electronics & Accessories,787.5,418,418,6.3,6.2,6.5,0,17,0,0.0051,126,16,0,0,0
2026-01-12 06:00:00,2026-01-12,191,Organic Whole Milk 1L (Batch 6),Dairy & Fresh,74.17,411,411,35.3,31.4,37.3,0,2,1,0.0621,167,93,0,0,0
2026-01-12 09:00:00,2026-01-12,192,Greek Yogurt 400g (Batch 6),Dairy & Fresh,119.6,270,270,19.7,20.1,21.5,0,3,1,0.0294,117,53,0,0,0
2026-01-12 12:00:00,2026-01-12,193,Artisan Sourdough Bread (Batch 6),Bakery,101.95,35,35,5.9,5.5,5.5,0,1,5,0.0726,18,13,0,1,1
2026-01-12 15:00:00,2026-01-12,194,Sparkling Spring Water 500ml (Batch 6),Beverages,40.08,322,322,35.2,43.0,38.4,-2,2,1,0.0412,172,96,0,0,0
2026-01-12 18:00:00,2026-01-12,195,Cold Pressed Orange Juice 1L (Batch 6),Beverages,202.77,110,110,9.5,10.9,9.7,0,4,3,0.0594,62,24,0,0,0
2026-01-12 21:00:00,2026-01-12,196,Premium Arabica Coffee 250g (Batch 6),Packaged Foods,460.88,11,11,6.3,6.7,5.7,3,2,4,0.0399,25,14,0,1,1
2026-01-13 00:00:00,2026-01-13,197,Organic Rolled Oats 1kg (Batch 6),Packaged Foods,214.93,455,455,12.3,11.0,12.8,0,9,1,0.0131,147,32,0,0,0
2026-01-13 03:00:00,2026-01-13,198,Dark Chocolate Bar 70% (Batch 6),Snacks & Confectionery,178.01,95,95,16.1,16.6,15.4,-18,7,5,0.0607,145,38,1,1,1
2026-01-13 06:00:00,2026-01-13,199,Almond Granola Bites (Batch 6),Snacks & Confectionery,217.89,2,2,9.8,10.4,10.5,0,3,1,0.0449,57,26,0,1,1
2026-01-13 09:00:00,2026-01-13,200,Antibacterial Hand Wash 500ml (Batch 6),Personal Care,157.29,126,126,18.9,21.0,19.5,0,17,1,0.0755,379,48,0,1,1
2026-01-13 12:00:00,2026-01-13,201,Hydrating Shampoo 400ml (Batch 6),Personal Care,350.51,21,1,10.0,9.7,10.4,-10,7,10,0.2257,98,26,1,1,1
2026-01-13 15:00:00,2026-01-13,202,Biodegradable Dish Soap 1L (Batch 6),Household & Cleaning,196.96,79,79,7.9,8.7,8.6,0,9,7,0.0342,98,21,0,0,0
2026-01-13 18:00:00,2026-01-13,203,Microfiber Cleaning Cloths 4-Pack (Batch 6),Household & Cleaning,190.83,25,25,8.3,8.3,7.5,0,3,0,0.0581,40,18,0,1,1
2026-01-13 21:00:00,2026-01-13,204,USB-C Fast Charging Cable 2m (Batch 6),Electronics & Accessories,387.92,128,128,8.6,9.6,9.3,-40,15,4,0.0078,162,23,1,0,0
2026-01-14 00:00:00,2026-01-14,205,Wireless Optical Mouse (Batch 6),Electronics & Accessories,754.1,124,124,8.9,8.8,9.1,0,11,0,0.1319,122,22,0,0,0
2026-01-14 03:00:00,2026-01-14,206,Organic Whole Milk 1L (Batch 7),Dairy & Fresh,72.39,200,200,20.3,22.2,21.7,0,3,1,0.0868,119,54,0,0,0
2026-01-14 06:00:00,2026-01-14,207,Greek Yogurt 400g (Batch 7),Dairy & Fresh,137.19,223,30,12.7,10.8,13.3,-14,6,9,0.1819,112,33,1,1,1
2026-01-14 09:00:00,2026-01-14,208,Artisan Sourdough Bread (Batch 7),Bakery,97.79,39,39,17.5,15.6,17.7,0,2,0,0.0429,79,44,0,1,1
2026-01-14 12:00:00,2026-01-14,209,Sparkling Spring Water 500ml (Batch 7),Beverages,37.57,56,56,32.6,33.0,31.3,0,4,2,0.0942,203,78,0,1,1
2026-01-14 15:00:00,2026-01-14,210,Cold Pressed Orange Juice 1L (Batch 7),Beverages,183.7,5,5,9.8,10.1,9.4,0,7,3,0.0699,88,23,0,1,1
2026-01-14 18:00:00,2026-01-14,211,Premium Arabica Coffee 250g (Batch 7),Packaged Foods,442.51,245,37,8.6,9.8,9.1,-6,9,5,0.2902,103,22,1,1,1
2026-01-14 21:00:00,2026-01-14,212,Organic Rolled Oats 1kg (Batch 7),Packaged Foods,222.11,198,38,11.6,14.1,11.4,-5,8,5,0.2059,119,28,1,1,1
2026-01-15 00:00:00,2026-01-15,213,Dark Chocolate Bar 70% (Batch 7),Snacks & Confectionery,146.02,46,46,18.2,20.6,17.2,0,7,2,0.0532,163,43,0,1,1
2026-01-15 03:00:00,2026-01-15,214,Almond Granola Bites (Batch 7),Snacks & Confectionery,255.24,87,87,12.5,10.9,13.5,0,4,1,0.0526,87,33,0,0,0
2026-01-15 06:00:00,2026-01-15,215,Antibacterial Hand Wash 500ml (Batch 7),Personal Care,158.44,97,97,15.8,17.6,17.1,0,5,2,0.068,127,42,0,1,1
2026-01-15 09:00:00,2026-01-15,216,Hydrating Shampoo 400ml (Batch 7),Personal Care,290.26,56,56,7.6,9.3,7.6,-2,7,1,0.0414,72,19,0,1,1
2026-01-15 12:00:00,2026-01-15,217,Biodegradable Dish Soap 1L (Batch 7),Household & Cleaning,188.74,31,31,10.1,12.4,10.8,0,10,0,0.0843,135,27,0,1,1
2026-01-15 15:00:00,2026-01-15,218,Microfiber Cleaning Cloths 4-Pack (Batch 7),Household & Cleaning,185.17,102,102,4.9,4.5,4.9,0,4,2,0.0149,31,12,0,0,0
2026-01-15 18:00:00,2026-01-15,219,USB-C Fast Charging Cable 2m (Batch 7),Electronics & Accessories,422.08,11,11,8.0,7.7,7.5,0,7,0,0.1443,70,18,0,1,1
2026-01-15 21:00:00,2026-01-15,220,Wireless Optical Mouse (Batch 7),Electronics & Accessories,883.17,252,23,7.3,8.1,7.9,-17,13,9,0.2197,121,19,1,1,1
2026-01-16 00:00:00,2026-01-16,221,Organic Whole Milk 1L (Batch 8),Dairy & Fresh,74.7,160,160,14.4,13.9,13.2,0,5,4,0.043,99,33,0,0,0
2026-01-16 03:00:00,2026-01-16,222,Greek Yogurt 400g (Batch 8),Dairy & Fresh,130.27,47,47,13.2,13.6,13.6,0,4,2,0.063,88,34,0,1,1
2026-01-16 06:00:00,2026-01-16,223,Artisan Sourdough Bread (Batch 8),Bakery,105.02,117,117,18.0,16.8,19.6,0,2,2,0.0062,88,49,0,1,1
2026-01-16 09:00:00,2026-01-16,224,Sparkling Spring Water 500ml (Batch 8),Beverages,40.32,8,8,23.6,20.4,24.4,0,8,2,0.0545,256,61,0,1,1
2026-01-16 12:00:00,2026-01-16,225,Cold Pressed Orange Juice 1L (Batch 8),Beverages,163.01,33,33,9.6,10.0,9.0,0,9,3,0.0063,103,22,0,1,1
2026-01-16 15:00:00,2026-01-16,226,Premium Arabica Coffee 250g (Batch 8),Packaged Foods,447.65,8,8,3.8,4.2,3.8,0,10,0,0.0099,47,9,0,1,1
2026-01-16 18:00:00,2026-01-16,227,Organic Rolled Oats 1kg (Batch 8),Packaged Foods,192.18,42,42,20.7,20.4,21.5,0,7,1,0.0304,203,53,0,1,1
2026-01-16 21:00:00,2026-01-16,228,Dark Chocolate Bar 70% (Batch 8),Snacks & Confectionery,183.05,436,47,20.8,21.4,21.2,-5,5,7,0.3466,159,53,1,1,1
2026-01-17 00:00:00,2026-01-17,229,Almond Granola Bites (Batch 8),Snacks & Confectionery,225.96,18,18,9.9,10.3,9.4,-2,1,1,0.0507,32,23,0,1,1
2026-01-17 03:00:00,2026-01-17,230,Antibacterial Hand Wash 500ml (Batch 8),Personal Care,136.15,368,368,17.0,19.5,16.6,0,9,3,0.0411,190,41,0,0,0
2026-01-17 06:00:00,2026-01-17,231,Hydrating Shampoo 400ml (Batch 8),Personal Care,343.88,390,390,8.3,12.7,8.3,0,12,2,0.0949,119,20,0,0,0
2026-01-17 09:00:00,2026-01-17,232,Biodegradable Dish Soap 1L (Batch 8),Household & Cleaning,187.04,82,82,22.9,24.6,23.5,0,2,5,0.2224,105,58,0,1,1
2026-01-17 12:00:00,2026-01-17,233,Microfiber Cleaning Cloths 4-Pack (Batch 8),Household & Cleaning,196.22,70,70,6.2,6.6,6.2,0,7,3,0.007,58,15,0,0,0
2026-01-17 15:00:00,2026-01-17,234,USB-C Fast Charging Cable 2m (Batch 8),Electronics & Accessories,450.37,203,203,7.5,7.6,7.7,0,10,0,0.0537,96,19,0,0,0
2026-01-17 18:00:00,2026-01-17,235,Wireless Optical Mouse (Batch 8),Electronics & Accessories,785.46,6,6,4.5,4.7,4.2,0,12,1,0.044,60,10,0,1,1
2026-01-17 21:00:00,2026-01-17,236,Organic Whole Milk 1L (Batch 9),Dairy & Fresh,62.94,182,182,16.6,15.6,15.3,0,6,4,0.0894,129,38,0,0,0
2026-01-18 00:00:00,2026-01-18,237,Greek Yogurt 400g (Batch 9),Dairy & Fresh,136.5,12,12,9.6,9.3,9.4,0,2,1,0.1528,41,23,0,1,1
2026-01-18 03:00:00,2026-01-18,238,Artisan Sourdough Bread (Batch 9),Bakery,87.3,122,122,18.3,19.4,18.7,0,1,0,0.0403,64,46,0,1,1
2026-01-18 06:00:00,2026-01-18,239,Sparkling Spring Water 500ml (Batch 9),Beverages,37.16,8,8,17.5,9.0,16.2,0,15,3,0.0132,283,40,0,1,1
2026-01-18 09:00:00,2026-01-18,240,Cold Pressed Orange Juice 1L (Batch 9),Beverages,167.34,420,420,16.1,14.5,16.6,0,5,3,0.0239,124,41,0,0,0
2026-01-18 12:00:00,2026-01-18,241,Premium Arabica Coffee 250g (Batch 9),Packaged Foods,451.48,93,93,5.5,5.0,5.2,0,6,2,0.0636,44,13,0,0,0
2026-01-18 15:00:00,2026-01-18,242,Organic Rolled Oats 1kg (Batch 9),Packaged Foods,211.49,60,60,17.5,17.2,17.1,0,8,3,0.0864,178,42,0,1,1
2026-01-18 18:00:00,2026-01-18,243,Dark Chocolate Bar 70% (Batch 9),Snacks & Confectionery,145.03,125,26,19.3,21.8,18.1,-17,5,5,0.1732,135,45,1,1,1
2026-01-18 21:00:00,2026-01-18,244,Almond Granola Bites (Batch 9),Snacks & Confectionery,268.1,127,127,13.7,11.8,14.0,0,9,1,0.0269,161,35,0,0,0
2026-01-19 00:00:00,2026-01-19,245,Antibacterial Hand Wash 500ml (Batch 9),Personal Care,145.38,28,28,11.1,9.8,10.2,0,2,2,0.0807,45,25,0,1,1
2026-01-19 03:00:00,2026-01-19,246,Hydrating Shampoo 400ml (Batch 9),Personal Care,360.86,161,161,7.8,8.5,7.9,-23,8,6,0.0436,82,19,1,0,0
2026-01-19 06:00:00,2026-01-19,247,Biodegradable Dish Soap 1L (Batch 9),Household & Cleaning,194.97,45,45,8.8,8.8,9.0,0,8,2,0.0641,94,22,0,1,1
2026-01-19 09:00:00,2026-01-19,248,Microfiber Cleaning Cloths 4-Pack (Batch 9),Household & Cleaning,189.11,13,13,8.4,8.8,8.7,0,5,3,0.0344,64,21,0,1,1
2026-01-19 12:00:00,2026-01-19,249,USB-C Fast Charging Cable 2m (Batch 9),Electronics & Accessories,398.79,392,392,16.7,16.0,16.8,0,16,2,0.0781,310,42,0,0,0
2026-01-19 15:00:00,2026-01-19,250,Wireless Optical Mouse (Batch 9),Electronics & Accessories,735.41,217,17,7.2,8.1,7.7,-21,7,7,0.1541,72,19,1,1,1
2026-01-19 18:00:00,2026-01-19,251,Organic Whole Milk 1L (Batch 10),Dairy & Fresh,60.0,65,65,28.6,40.7,30.4,0,5,2,0.04,228,76,0,1,1
2026-01-19 21:00:00,2026-01-19,252,Greek Yogurt 400g (Batch 10),Dairy & Fresh,133.79,238,238,19.5,19.9,18.6,0,7,1,0.0878,176,46,0,0,0
2026-01-20 00:00:00,2026-01-20,253,Artisan Sourdough Bread (Batch 10),Bakery,108.67,179,179,28.6,32.3,28.7,3,1,4,0.013,99,71,0,1,1
2026-01-20 03:00:00,2026-01-20,254,Sparkling Spring Water 500ml (Batch 10),Beverages,45.24,86,86,49.3,72.7,47.4,0,8,0,0.062,497,118,0,1,1
2026-01-20 06:00:00,2026-01-20,255,Cold Pressed Orange Juice 1L (Batch 10),Beverages,179.86,30,30,14.8,13.4,13.8,0,2,0,0.037,61,34,0,1,1
2026-01-20 09:00:00,2026-01-20,256,Premium Arabica Coffee 250g (Batch 10),Packaged Foods,418.1,195,195,8.2,7.4,8.9,0,8,2,0.1695,93,22,0,0,0
2026-01-20 12:00:00,2026-01-20,257,Organic Rolled Oats 1kg (Batch 10),Packaged Foods,213.65,107,107,12.2,15.3,12.9,0,5,1,0.0505,96,32,0,1,1
2026-01-20 15:00:00,2026-01-20,258,Dark Chocolate Bar 70% (Batch 10),Snacks & Confectionery,164.14,9,0,7.7,7.1,8.3,-14,2,8,0.1762,36,20,1,1,1
2026-01-20 18:00:00,2026-01-20,259,Almond Granola Bites (Batch 10),Snacks & Confectionery,251.88,104,104,11.5,15.0,10.8,0,2,4,0.0278,48,27,0,1,1
2026-01-20 21:00:00,2026-01-20,260,Antibacterial Hand Wash 500ml (Batch 10),Personal Care,146.87,587,587,25.1,21.8,26.1,3,12,0,0.1099,378,65,0,0,0
2026-01-21 00:00:00,2026-01-21,261,Hydrating Shampoo 400ml (Batch 10),Personal Care,297.18,319,319,9.5,8.7,9.7,0,7,0,0.1975,91,24,0,0,0
2026-01-21 03:00:00,2026-01-21,262,Biodegradable Dish Soap 1L (Batch 10),Household & Cleaning,205.75,133,133,11.2,11.8,11.5,0,5,4,0.1166,85,28,0,0,0
2026-01-21 06:00:00,2026-01-21,263,Microfiber Cleaning Cloths 4-Pack (Batch 10),Household & Cleaning,176.18,35,35,4.7,4.6,4.3,0,6,2,0.0558,35,10,0,0,0
2026-01-21 09:00:00,2026-01-21,264,USB-C Fast Charging Cable 2m (Batch 10),Electronics & Accessories,371.93,59,59,10.9,10.0,11.2,-2,8,2,0.1319,117,28,0,1,1
2026-01-21 12:00:00,2026-01-21,265,Wireless Optical Mouse (Batch 10),Electronics & Accessories,873.44,118,118,9.0,9.3,8.8,0,19,2,0.137,189,22,0,0,0
2026-01-21 15:00:00,2026-01-21,266,Organic Whole Milk 1L (Batch 11),Dairy & Fresh,68.88,92,92,14.1,17.1,14.2,3,4,0,0.0156,91,35,0,1,1
2026-01-21 18:00:00,2026-01-21,267,Greek Yogurt 400g (Batch 11),Dairy & Fresh,129.78,146,146,11.8,12.3,11.6,-31,1,3,0.0607,40,29,1,0,0
2026-01-21 21:00:00,2026-01-21,268,Artisan Sourdough Bread (Batch 11),Bakery,106.95,38,4,14.8,16.7,16.0,-9,3,9,0.2723,88,40,1,1,1
2026-01-22 00:00:00,2026-01-22,269,Sparkling Spring Water 500ml (Batch 11),Beverages,43.52,502,502,37.4,33.3,38.9,0,6,2,0.0639,330,97,0,0,0
2026-01-22 03:00:00,2026-01-22,270,Cold Pressed Orange Juice 1L (Batch 11),Beverages,193.92,158,158,7.5,8.0,6.9,0,6,2,0.1473,58,17,0,0,0
2026-01-22 06:00:00,2026-01-22,271,Premium Arabica Coffee 250g (Batch 11),Packaged Foods,454.57,98,98,9.9,11.3,9.4,0,9,2,0.005,107,23,0,0,0
2026-01-22 09:00:00,2026-01-22,272,Organic Rolled Oats 1kg (Batch 11),Packaged Foods,200.53,13,13,8.4,7.3,8.8,-2,17,3,0.0596,171,22,0,1,1
2026-01-22 12:00:00,2026-01-22,273,Dark Chocolate Bar 70% (Batch 11),Snacks & Confectionery,145.27,0,0,15.4,15.7,14.7,0,7,0,0.0622,138,36,0,1,1
2026-01-22 15:00:00,2026-01-22,274,Almond Granola Bites (Batch 11),Snacks & Confectionery,274.65,27,27,11.5,13.3,11.1,0,6,0,0.0953,93,27,0,1,1
2026-01-22 18:00:00,2026-01-22,275,Antibacterial Hand Wash 500ml (Batch 11),Personal Care,134.69,29,29,15.3,17.5,15.6,0,11,0,0.0211,210,39,0,1,1
2026-01-22 21:00:00,2026-01-22,276,Hydrating Shampoo 400ml (Batch 11),Personal Care,343.97,411,411,14.7,15.3,14.7,0,14,3,0.0419,241,36,0,0,0
2026-01-23 00:00:00,2026-01-23,277,Biodegradable Dish Soap 1L (Batch 11),Household & Cleaning,193.39,107,107,11.1,10.1,10.9,0,5,1,0.0065,81,27,0,0,0
2026-01-23 03:00:00,2026-01-23,278,Microfiber Cleaning Cloths 4-Pack (Batch 11),Household & Cleaning,188.17,81,81,7.7,8.2,7.4,0,4,1,0.0369,47,18,0,0,0
2026-01-23 06:00:00,2026-01-23,279,USB-C Fast Charging Cable 2m (Batch 11),Electronics & Accessories,421.37,283,283,9.3,8.7,9.1,-34,17,5,0.0203,176,22,1,0,0
2026-01-23 09:00:00,2026-01-23,280,Wireless Optical Mouse (Batch 11),Electronics & Accessories,912.31,2,2,8.6,9.1,8.1,0,16,1,0.0372,149,20,0,1,1
2026-01-23 12:00:00,2026-01-23,281,Organic Whole Milk 1L (Batch 12),Dairy & Fresh,71.01,145,145,25.3,22.0,27.3,0,1,0,0.1079,95,68,0,1,1
2026-01-23 15:00:00,2026-01-23,282,Greek Yogurt 400g (Batch 12),Dairy & Fresh,120.91,10,10,9.4,8.1,9.0,-5,9,3,0.0481,103,22,0,1,1
2026-01-23 18:00:00,2026-01-23,283,Artisan Sourdough Bread (Batch 12),Bakery,90.06,2,2,26.4,26.6,25.5,3,1,1,0.1834,88,63,0,1,1
2026-01-23 21:00:00,2026-01-23,284,Sparkling Spring Water 500ml (Batch 12),Beverages,39.28,227,227,47.7,48.4,50.0,-34,4,8,0.042,325,125,1,1,1
2026-01-24 00:00:00,2026-01-24,285,Cold Pressed Orange Juice 1L (Batch 12),Beverages,194.36,189,189,11.4,11.0,11.7,0,7,1,0.005,110,29,0,0,0
2026-01-24 03:00:00,2026-01-24,286,Premium Arabica Coffee 250g (Batch 12),Packaged Foods,415.76,85,85,5.9,5.6,5.6,0,8,1,0.0454,58,14,0,0,0
2026-01-24 06:00:00,2026-01-24,287,Organic Rolled Oats 1kg (Batch 12),Packaged Foods,233.36,189,189,16.3,16.9,15.2,0,9,1,0.0579,174,38,0,0,0
2026-01-24 09:00:00,2026-01-24,288,Dark Chocolate Bar 70% (Batch 12),Snacks & Confectionery,169.38,113,113,21.6,23.7,19.9,0,6,4,0.0119,168,49,0,1,1
2026-01-24 12:00:00,2026-01-24,289,Almond Granola Bites (Batch 12),Snacks & Confectionery,245.35,4,4,5.2,6.7,5.0,0,5,0,0.1027,37,12,0,1,1
2026-01-24 15:00:00,2026-01-24,290,Antibacterial Hand Wash 500ml (Batch 12),Personal Care,141.76,288,288,18.9,18.6,20.5,0,8,3,0.005,215,51,0,0,0
2026-01-24 18:00:00,2026-01-24,291,Hydrating Shampoo 400ml (Batch 12),Personal Care,304.11,36,36,4.3,3.7,4.3,0,3,0,0.1014,22,10,0,0,0
2026-01-24 21:00:00,2026-01-24,292,Biodegradable Dish Soap 1L (Batch 12),Household & Cleaning,192.71,294,294,12.3,14.1,11.7,0,7,3,0.1559,110,29,0,0,0
2026-01-25 00:00:00,2026-01-25,293,Microfiber Cleaning Cloths 4-Pack (Batch 12),Household & Cleaning,164.88,120,120,5.2,5.5,5.1,0,10,1,0.0678,63,12,0,0,0
2026-01-25 03:00:00,2026-01-25,294,USB-C Fast Charging Cable 2m (Batch 12),Electronics & Accessories,443.39,197,197,8.0,7.1,8.5,0,11,1,0.0397,114,21,0,0,0
2026-01-25 06:00:00,2026-01-25,295,Wireless Optical Mouse (Batch 12),Electronics & Accessories,808.09,28,28,9.5,9.7,10.2,-5,15,2,0.1009,178,25,0,1,1
2026-01-25 09:00:00,2026-01-25,296,Organic Whole Milk 1L (Batch 13),Dairy & Fresh,63.72,78,11,24.9,23.5,24.9,-14,2,6,0.1685,111,62,1,1,1
2026-01-25 12:00:00,2026-01-25,297,Greek Yogurt 400g (Batch 13),Dairy & Fresh,133.25,77,77,12.9,11.5,14.1,0,2,1,0.0185,63,35,0,1,1
2026-01-25 15:00:00,2026-01-25,298,Artisan Sourdough Bread (Batch 13),Bakery,108.17,28,28,17.5,19.0,18.8,-2,1,2,0.0177,65,47,0,1,1
2026-01-25 18:00:00,2026-01-25,299,Sparkling Spring Water 500ml (Batch 13),Beverages,43.27,533,533,40.6,41.9,44.0,0,8,1,0.0596,462,110,0,0,0
2026-01-25 21:00:00,2026-01-25,300,Cold Pressed Orange Juice 1L (Batch 13),Beverages,203.75,20,20,17.7,15.7,18.2,0,5,1,0.0889,136,45,0,1,1
2026-01-26 00:00:00,2026-01-26,301,Premium Arabica Coffee 250g (Batch 13),Packaged Foods,464.42,3,3,8.4,9.3,8.6,0,2,1,0.0738,38,21,0,1,1
2026-01-26 03:00:00,2026-01-26,302,Organic Rolled Oats 1kg (Batch 13),Packaged Foods,206.9,649,649,23.8,27.2,26.1,0,4,2,0.0943,169,65,0,0,0
2026-01-26 06:00:00,2026-01-26,303,Dark Chocolate Bar 70% (Batch 13),Snacks & Confectionery,169.64,29,29,17.0,35.8,16.9,0,6,1,0.007,143,42,0,1,1
2026-01-26 09:00:00,2026-01-26,304,Almond Granola Bites (Batch 13),Snacks & Confectionery,230.59,10,1,10.4,10.6,9.6,-15,3,8,0.2536,52,24,1,1,1
2026-01-26 12:00:00,2026-01-26,305,Antibacterial Hand Wash 500ml (Batch 13),Personal Care,157.39,325,325,19.9,17.7,20.6,0,6,2,0.069,174,51,0,0,0
2026-01-26 15:00:00,2026-01-26,306,Hydrating Shampoo 400ml (Batch 13),Personal Care,302.07,78,78,7.1,7.1,7.7,-5,7,2,0.0385,72,19,0,0,0
2026-01-26 18:00:00,2026-01-26,307,Biodegradable Dish Soap 1L (Batch 13),Household & Cleaning,214.08,31,31,6.6,9.7,6.3,0,3,3,0.0114,33,15,0,1,1
2026-01-26 21:00:00,2026-01-26,308,Microfiber Cleaning Cloths 4-Pack (Batch 13),Household & Cleaning,190.29,52,52,6.4,7.4,6.0,0,10,0,0.0865,75,15,0,0,0
2026-01-27 00:00:00,2026-01-27,309,USB-C Fast Charging Cable 2m (Batch 13),Electronics & Accessories,431.03,174,174,11.8,12.3,11.0,0,17,0,0.0332,214,27,0,0,0
2026-01-27 03:00:00,2026-01-27,310,Wireless Optical Mouse (Batch 13),Electronics & Accessories,902.03,329,329,5.7,5.3,6.0,0,14,0,0.0209,99,15,0,0,0
2026-01-27 06:00:00,2026-01-27,311,Organic Whole Milk 1L (Batch 14),Dairy & Fresh,66.57,269,269,36.2,32.6,35.2,0,1,2,0.1205,123,88,0,0,0
2026-01-27 09:00:00,2026-01-27,312,Greek Yogurt 400g (Batch 14),Dairy & Fresh,112.33,0,0,9.8,9.3,9.8,0,4,0,0.0293,63,24,0,1,1
2026-01-27 12:00:00,2026-01-27,313,Artisan Sourdough Bread (Batch 14),Bakery,102.89,163,163,22.5,20.8,23.1,-5,2,3,0.008,103,57,0,0,0
2026-01-27 15:00:00,2026-01-27,314,Sparkling Spring Water 500ml (Batch 14),Beverages,43.19,201,201,26.3,35.0,28.7,0,5,2,0.039,214,71,0,1,1
2026-01-27 18:00:00,2026-01-27,315,Cold Pressed Orange Juice 1L (Batch 14),Beverages,174.84,78,78,10.2,10.7,9.7,-24,5,4,0.1438,72,24,1,0,0
2026-01-27 21:00:00,2026-01-27,316,Premium Arabica Coffee 250g (Batch 14),Packaged Foods,513.63,82,3,8.9,8.0,9.4,-9,7,6,0.1829,88,23,1,1,1
2026-01-28 00:00:00,2026-01-28,317,Organic Rolled Oats 1kg (Batch 14),Packaged Foods,209.98,22,22,21.5,22.8,19.4,0,8,1,0.0403,203,48,0,1,1
2026-01-28 03:00:00,2026-01-28,318,Dark Chocolate Bar 70% (Batch 14),Snacks & Confectionery,154.65,275,275,16.2,17.0,17.2,0,2,4,0.0753,77,43,0,0,0
2026-01-28 06:00:00,2026-01-28,319,Almond Granola Bites (Batch 14),Snacks & Confectionery,264.13,35,35,9.5,9.3,8.7,0,4,2,0.1802,55,21,0,1,1
2026-01-28 09:00:00,2026-01-28,320,Antibacterial Hand Wash 500ml (Batch 14),Personal Care,156.82,416,416,32.6,77.6,30.0,0,7,1,0.1119,285,75,0,1,1
2026-01-28 12:00:00,2026-01-28,321,Hydrating Shampoo 400ml (Batch 14),Personal Care,310.89,64,64,7.9,7.9,8.4,0,12,0,0.0191,121,21,0,0,0
2026-01-28 15:00:00,2026-01-28,322,Biodegradable Dish Soap 1L (Batch 14),Household & Cleaning,186.27,22,22,3.1,3.3,3.1,-5,2,0,0.0289,13,7,0,1,1
2026-01-28 18:00:00,2026-01-28,323,Microfiber Cleaning Cloths 4-Pack (Batch 14),Household & Cleaning,189.93,120,120,6.5,6.5,6.4,0,5,1,0.0144,48,16,0,0,0
2026-01-28 21:00:00,2026-01-28,324,USB-C Fast Charging Cable 2m (Batch 14),Electronics & Accessories,408.32,122,122,11.6,12.1,11.2,0,5,1,0.0397,84,28,0,0,0
2026-01-29 00:00:00,2026-01-29,325,Wireless Optical Mouse (Batch 14),Electronics & Accessories,770.4,159,159,8.3,3.5,8.6,0,11,1,0.0361,115,21,0,0,0
2026-01-29 03:00:00,2026-01-29,326,Organic Whole Milk 1L (Batch 15),Dairy & Fresh,58.75,225,225,33.9,32.7,30.9,0,2,0,0.0468,138,77,0,1,1
2026-01-29 06:00:00,2026-01-29,327,Greek Yogurt 400g (Batch 15),Dairy & Fresh,127.97,10,10,6.0,5.4,5.4,0,2,0,0.0462,23,13,0,1,1
2026-01-29 09:00:00,2026-01-29,328,Artisan Sourdough Bread (Batch 15),Bakery,106.01,199,199,20.4,21.4,20.2,0,6,1,0.0239,171,50,0,0,0
2026-01-29 12:00:00,2026-01-29,329,Sparkling Spring Water 500ml (Batch 15),Beverages,43.18,315,315,60.6,51.9,63.1,0,2,2,0.0807,283,157,0,1,1
2026-01-29 15:00:00,2026-01-29,330,Cold Pressed Orange Juice 1L (Batch 15),Beverages,176.16,40,40,9.7,8.4,9.5,0,7,1,0.0447,89,23,0,1,1
2026-01-29 18:00:00,2026-01-29,331,Premium Arabica Coffee 250g (Batch 15),Packaged Foods,497.84,218,218,11.4,11.2,12.4,0,11,2,0.0255,167,31,0,0,0
2026-01-29 21:00:00,2026-01-29,332,Organic Rolled Oats 1kg (Batch 15),Packaged Foods,222.89,600,600,25.9,12.0,27.6,0,10,1,0.0467,345,69,0,0,0
2026-01-30 00:00:00,2026-01-30,333,Dark Chocolate Bar 70% (Batch 15),Snacks & Confectionery,151.58,100,100,18.1,16.9,19.5,0,3,1,0.0791,106,48,0,1,1
2026-01-30 03:00:00,2026-01-30,334,Almond Granola Bites (Batch 15),Snacks & Confectionery,273.27,14,14,11.1,11.6,10.4,0,6,5,0.0232,88,26,0,1,1
2026-01-30 06:00:00,2026-01-30,335,Antibacterial Hand Wash 500ml (Batch 15),Personal Care,139.98,429,429,27.9,29.2,29.3,-5,9,1,0.035,336,73,0,0,0
2026-01-30 09:00:00,2026-01-30,336,Hydrating Shampoo 400ml (Batch 15),Personal Care,329.95,200,200,11.5,9.9,11.9,-5,7,3,0.0176,112,29,0,0,0
2026-01-30 12:00:00,2026-01-30,337,Biodegradable Dish Soap 1L (Batch 15),Household & Cleaning,174.8,110,110,9.8,11.0,10.5,-18,9,8,0.0218,120,26,1,0,0
2026-01-30 15:00:00,2026-01-30,338,Microfiber Cleaning Cloths 4-Pack (Batch 15),Household & Cleaning,201.66,192,192,4.7,4.3,5.0,0,10,1,0.072,62,12,0,0,0
2026-01-30 18:00:00,2026-01-30,339,USB-C Fast Charging Cable 2m (Batch 15),Electronics & Accessories,394.64,267,267,5.1,6.1,5.4,0,17,2,0.0447,104,13,0,0,0
2026-01-30 21:00:00,2026-01-30,340,Wireless Optical Mouse (Batch 15),Electronics & Accessories,853.5,220,220,6.2,5.6,5.9,-5,15,2,0.0331,102,14,0,0,0
2026-01-31 00:00:00,2026-01-31,341,Organic Whole Milk 1L (Batch 16),Dairy & Fresh,65.92,20,3,21.1,22.3,19.4,-5,1,7,0.2026,67,48,1,1,1
2026-01-31 03:00:00,2026-01-31,342,Greek Yogurt 400g (Batch 16),Dairy & Fresh,132.25,117,117,10.6,12.0,10.4,0,4,2,0.099,67,26,0,0,0
2026-01-31 06:00:00,2026-01-31,343,Artisan Sourdough Bread (Batch 16),Bakery,92.56,41,41,19.6,18.4,19.6,0,1,1,0.0958,68,49,0,1,1
2026-01-31 09:00:00,2026-01-31,344,Sparkling Spring Water 500ml (Batch 16),Beverages,40.39,221,221,28.1,29.8,26.6,0,5,0,0.1011,199,66,0,0,0
2026-01-31 12:00:00,2026-01-31,345,Cold Pressed Orange Juice 1L (Batch 16),Beverages,193.9,301,301,10.7,11.2,11.5,-10,8,2,0.0267,120,28,0,0,0
2026-01-31 15:00:00,2026-01-31,346,Premium Arabica Coffee 250g (Batch 16),Packaged Foods,463.51,64,64,10.5,11.5,9.6,0,3,4,0.1916,52,24,0,1,1
2026-01-31 18:00:00,2026-01-31,347,Organic Rolled Oats 1kg (Batch 16),Packaged Foods,194.59,521,521,22.6,22.9,23.9,-2,11,3,0.098,321,59,0,0,0
2026-01-31 21:00:00,2026-01-31,348,Dark Chocolate Bar 70% (Batch 16),Snacks & Confectionery,171.04,65,65,22.6,25.5,24.4,0,6,0,0.0421,207,61,0,1,1
2026-02-01 00:00:00,2026-02-01,349,Almond Granola Bites (Batch 16),Snacks & Confectionery,262.88,115,115,7.7,6.8,8.4,0,4,2,0.0344,54,21,0,0,0
2026-02-01 03:00:00,2026-02-01,350,Antibacterial Hand Wash 500ml (Batch 16),Personal Care,158.31,113,113,11.5,18.3,10.9,0,7,0,0.0297,103,27,0,1,1
2026-02-01 06:00:00,2026-02-01,101,Hydrating Shampoo 400ml (Batch 16),Personal Care,306.48,16,16,12.2,11.1,11.7,0,8,0,0.0356,122,29,0,1,1
2026-02-01 09:00:00,2026-02-01,102,Biodegradable Dish Soap 1L (Batch 16),Household & Cleaning,193.57,198,198,12.9,14.1,13.9,0,4,2,0.0286,89,34,0,0,0
2026-02-01 12:00:00,2026-02-01,103,Microfiber Cleaning Cloths 4-Pack (Batch 16),Household & Cleaning,185.91,11,11,5.9,5.7,6.1,0,11,1,0.0234,82,15,0,1,1
2026-02-01 15:00:00,2026-02-01,104,USB-C Fast Charging Cable 2m (Batch 16),Electronics & Accessories,442.39,80,80,14.2,12.8,12.9,0,17,1,0.1307,251,32,0,1,1
2026-02-01 18:00:00,2026-02-01,105,Wireless Optical Mouse (Batch 16),Electronics & Accessories,789.14,26,26,4.9,5.4,4.7,-10,10,4,0.0218,58,11,0,1,1
2026-02-01 21:00:00,2026-02-01,106,Organic Whole Milk 1L (Batch 17),Dairy & Fresh,69.33,56,56,28.6,31.5,27.2,0,4,3,0.1433,176,68,0,1,1
2026-02-02 00:00:00,2026-02-02,107,Greek Yogurt 400g (Batch 17),Dairy & Fresh,132.08,45,45,13.2,14.3,12.2,0,3,2,0.0777,66,30,0,1,1
2026-02-02 03:00:00,2026-02-02,108,Artisan Sourdough Bread (Batch 17),Bakery,95.78,178,178,15.7,16.3,15.1,-35,1,6,0.0392,52,37,1,0,0
2026-02-02 06:00:00,2026-02-02,109,Sparkling Spring Water 500ml (Batch 17),Beverages,45.96,46,5,31.3,73.4,29.5,-6,4,7,0.293,191,73,1,1,1
2026-02-02 09:00:00,2026-02-02,110,Cold Pressed Orange Juice 1L (Batch 17),Beverages,203.02,282,282,17.2,19.3,16.1,-2,6,1,0.0193,136,40,0,0,0
2026-02-02 12:00:00,2026-02-02,111,Premium Arabica Coffee 250g (Batch 17),Packaged Foods,440.83,50,50,4.1,4.2,3.8,0,10,1,0.0457,47,9,0,0,0
2026-02-02 15:00:00,2026-02-02,112,Organic Rolled Oats 1kg (Batch 17),Packaged Foods,194.94,159,159,10.4,13.5,9.8,0,8,0,0.057,102,24,0,0,0
2026-02-02 18:00:00,2026-02-02,113,Dark Chocolate Bar 70% (Batch 17),Snacks & Confectionery,161.55,43,43,22.2,21.2,22.5,0,5,0,0.0785,168,56,0,1,1
2026-02-02 21:00:00,2026-02-02,114,Almond Granola Bites (Batch 17),Snacks & Confectionery,235.35,133,133,11.8,11.4,11.2,0,16,2,0.0513,207,28,0,0,0
2026-02-03 00:00:00,2026-02-03,115,Antibacterial Hand Wash 500ml (Batch 17),Personal Care,151.17,23,23,11.8,11.1,12.9,0,3,0,0.0126,70,32,0,1,1
2026-02-03 03:00:00,2026-02-03,116,Hydrating Shampoo 400ml (Batch 17),Personal Care,291.25,282,282,11.6,10.0,12.7,0,6,0,0.005,107,31,0,0,0
2026-02-03 06:00:00,2026-02-03,117,Biodegradable Dish Soap 1L (Batch 17),Household & Cleaning,198.24,11,11,5.3,4.6,5.0,-2,11,1,0.0517,67,12,0,1,1
2026-02-03 09:00:00,2026-02-03,118,Microfiber Cleaning Cloths 4-Pack (Batch 17),Household & Cleaning,186.33,81,16,7.9,8.1,7.4,-19,7,11,0.184,69,18,1,1,1
2026-02-03 12:00:00,2026-02-03,119,USB-C Fast Charging Cable 2m (Batch 17),Electronics & Accessories,365.25,51,51,12.1,10.6,12.6,0,15,2,0.0055,220,31,0,1,1
2026-02-03 15:00:00,2026-02-03,120,Wireless Optical Mouse (Batch 17),Electronics & Accessories,861.75,40,1,4.1,3.6,3.9,-15,17,4,0.1981,75,9,1,1,1
2026-02-03 18:00:00,2026-02-03,121,Organic Whole Milk 1L (Batch 18),Dairy & Fresh,70.0,82,17,22.5,22.8,22.3,-15,4,11,0.2807,144,55,1,1,1
2026-02-03 21:00:00,2026-02-03,122,Greek Yogurt 400g (Batch 18),Dairy & Fresh,133.62,81,81,8.4,7.2,8.7,0,2,0,0.0555,38,21,0,0,0
2026-02-04 00:00:00,2026-02-04,123,Artisan Sourdough Bread (Batch 18),Bakery,108.13,93,93,20.8,21.9,19.8,0,2,2,0.0359,88,49,0,1,1
2026-02-04 03:00:00,2026-02-04,124,Sparkling Spring Water 500ml (Batch 18),Beverages,45.31,609,609,42.5,41.5,40.5,3,5,3,0.0834,303,101,0,0,0
2026-02-04 06:00:00,2026-02-04,125,Cold Pressed Orange Juice 1L (Batch 18),Beverages,187.77,51,51,14.7,13.5,14.9,0,3,3,0.0103,81,37,0,1,1
2026-02-04 09:00:00,2026-02-04,126,Premium Arabica Coffee 250g (Batch 18),Packaged Foods,459.91,159,159,7.4,7.8,7.7,-5,12,6,0.0759,111,19,0,0,0
2026-02-04 12:00:00,2026-02-04,127,Organic Rolled Oats 1kg (Batch 18),Packaged Foods,191.05,14,14,14.1,13.4,14.6,0,3,1,0.0551,79,36,0,1,1
2026-02-04 15:00:00,2026-02-04,128,Dark Chocolate Bar 70% (Batch 18),Snacks & Confectionery,169.61,187,187,12.4,10.6,13.3,0,5,0,0.024,99,33,0,0,0
2026-02-04 18:00:00,2026-02-04,129,Almond Granola Bites (Batch 18),Snacks & Confectionery,261.89,14,14,8.2,11.6,7.9,0,6,2,0.0445,66,19,0,1,1
2026-02-04 21:00:00,2026-02-04,130,Antibacterial Hand Wash 500ml (Batch 18),Personal Care,140.09,2,2,21.0,22.2,22.2,0,1,0,0.0337,77,55,0,1,1
2026-02-05 00:00:00,2026-02-05,131,Hydrating Shampoo 400ml (Batch 18),Personal Care,339.18,110,110,6.8,8.3,6.7,0,11,1,0.0185,89,16,0,0,0
2026-02-05 03:00:00,2026-02-05,132,Biodegradable Dish Soap 1L (Batch 18),Household & Cleaning,195.67,140,140,11.9,12.1,10.8,0,10,3,0.0948,135,27,0,0,0
2026-02-05 06:00:00,2026-02-05,133,Microfiber Cleaning Cloths 4-Pack (Batch 18),Household & Cleaning,179.98,211,211,6.4,14.6,7.0,0,9,2,0.0252,80,17,0,0,0
2026-02-05 09:00:00,2026-02-05,134,USB-C Fast Charging Cable 2m (Batch 18),Electronics & Accessories,424.27,51,51,10.1,10.7,10.2,0,8,2,0.1629,106,25,0,1,1
2026-02-05 12:00:00,2026-02-05,135,Wireless Optical Mouse (Batch 18),Electronics & Accessories,854.98,158,158,8.2,9.0,8.2,0,7,0,0.028,77,20,0,0,0
2026-02-05 15:00:00,2026-02-05,136,Organic Whole Milk 1L (Batch 19),Dairy & Fresh,68.25,186,186,38.4,42.7,34.7,0,2,2,0.2155,155,86,0,1,1
2026-02-05 18:00:00,2026-02-05,137,Greek Yogurt 400g (Batch 19),Dairy & Fresh,110.26,89,89,17.7,17.2,17.1,0,3,2,0.0493,93,42,0,1,1
2026-02-05 21:00:00,2026-02-05,138,Artisan Sourdough Bread (Batch 19),Bakery,100.78,1,1,16.9,16.0,16.3,0,1,1,0.0139,56,40,0,1,1
2026-02-06 00:00:00,2026-02-06,139,Sparkling Spring Water 500ml (Batch 19),Beverages,36.48,136,136,43.1,38.9,39.5,0,21,3,0.1287,927,98,0,1,1
2026-02-06 03:00:00,2026-02-06,140,Cold Pressed Orange Juice 1L (Batch 19),Beverages,181.74,13,13,15.2,16.7,15.6,0,3,1,0.0764,85,39,0,1,1
2026-02-06 06:00:00,2026-02-06,141,Premium Arabica Coffee 250g (Batch 19),Packaged Foods,409.47,127,127,11.7,11.6,12.0,-10,10,2,0.0132,150,30,0,0,0
2026-02-06 09:00:00,2026-02-06,142,Organic Rolled Oats 1kg (Batch 19),Packaged Foods,191.15,69,8,15.9,13.7,17.1,-2,4,6,0.1681,110,42,1,1,1
2026-02-06 12:00:00,2026-02-06,143,Dark Chocolate Bar 70% (Batch 19),Snacks & Confectionery,153.64,127,127,11.9,12.8,12.0,0,11,1,0.0147,162,30,0,0,0
2026-02-06 15:00:00,2026-02-06,144,Almond Granola Bites (Batch 19),Snacks & Confectionery,239.17,123,123,13.0,11.8,13.3,0,4,2,0.0484,86,33,0,0,0
2026-02-06 18:00:00,2026-02-06,145,Antibacterial Hand Wash 500ml (Batch 19),Personal Care,160.91,90,90,9.1,8.1,8.8,-5,6,1,0.2419,74,22,0,0,0
2026-02-06 21:00:00,2026-02-06,146,Hydrating Shampoo 400ml (Batch 19),Personal Care,327.96,27,5,14.7,14.6,14.7,-13,3,9,0.1359,80,36,1,1,1
2026-02-07 00:00:00,2026-02-07,147,Biodegradable Dish Soap 1L (Batch 19),Household & Cleaning,218.3,42,3,10.0,11.1,9.8,-14,3,9,0.3456,53,24,1,1,1
2026-02-07 03:00:00,2026-02-07,148,Microfiber Cleaning Cloths 4-Pack (Batch 19),Household & Cleaning,203.69,59,59,6.9,7.3,7.6,0,13,0,0.0608,117,19,0,0,0
2026-02-07 06:00:00,2026-02-07,149,USB-C Fast Charging Cable 2m (Batch 19),Electronics & Accessories,370.18,19,19,15.1,16.0,14.7,0,9,0,0.1759,168,36,0,1,1
2026-02-07 09:00:00,2026-02-07,150,Wireless Optical Mouse (Batch 19),Electronics & Accessories,815.01,55,55,7.1,6.3,7.6,0,15,1,0.0273,133,19,0,0,0
2026-02-07 12:00:00,2026-02-07,151,Organic Whole Milk 1L (Batch 20),Dairy & Fresh,69.76,563,563,19.3,16.6,20.6,0,10,4,0.0921,257,51,0,0,0
2026-02-07 15:00:00,2026-02-07,152,Greek Yogurt 400g (Batch 20),Dairy & Fresh,111.16,20,0,15.5,14.2,16.1,-5,4,11,0.1275,104,40,1,1,1
2026-02-07 18:00:00,2026-02-07,153,Artisan Sourdough Bread (Batch 20),Bakery,96.61,88,88,21.4,20.2,20.4,0,1,2,0.0879,71,51,0,1,1
2026-02-07 21:00:00,2026-02-07,154,Sparkling Spring Water 500ml (Batch 20),Beverages,39.97,40,40,18.3,16.8,18.6,3,8,3,0.0803,194,46,0,1,1
2026-02-08 00:00:00,2026-02-08,155,Cold Pressed Orange Juice 1L (Batch 20),Beverages,182.45,44,44,5.3,6.1,5.2,0,2,0,0.0728,23,13,0,0,0
2026-02-08 03:00:00,2026-02-08,156,Premium Arabica Coffee 250g (Batch 20),Packaged Foods,515.91,26,26,8.0,6.9,8.5,0,3,3,0.0906,46,21,0,1,1
2026-02-08 06:00:00,2026-02-08,157,Organic Rolled Oats 1kg (Batch 20),Packaged Foods,225.48,85,85,10.5,22.0,11.5,0,8,3,0.123,120,28,0,1,1
2026-02-08 09:00:00,2026-02-08,158,Dark Chocolate Bar 70% (Batch 20),Snacks & Confectionery,172.82,521,77,28.2,25.5,29.9,-10,3,10,0.3323,163,74,1,1,1
2026-02-08 12:00:00,2026-02-08,159,Almond Granola Bites (Batch 20),Snacks & Confectionery,269.04,189,189,9.6,9.0,9.4,0,7,0,0.0181,88,23,0,0,0
2026-02-08 15:00:00,2026-02-08,160,Antibacterial Hand Wash 500ml (Batch 20),Personal Care,157.11,184,184,12.3,12.6,11.9,0,8,3,0.0184,124,29,0,0,0
2026-02-08 18:00:00,2026-02-08,161,Hydrating Shampoo 400ml (Batch 20),Personal Care,304.17,119,119,10.7,5.0,10.4,0,9,0,0.0123,119,26,0,0,0
2026-02-08 21:00:00,2026-02-08,162,Biodegradable Dish Soap 1L (Batch 20),Household & Cleaning,196.78,146,146,12.2,11.9,12.7,0,5,0,0.0385,94,31,0,0,0
2026-02-09 00:00:00,2026-02-09,163,Microfiber Cleaning Cloths 4-Pack (Batch 20),Household & Cleaning,170.1,119,119,5.1,4.8,5.3,0,21,2,0.0534,124,13,0,0,0
2026-02-09 03:00:00,2026-02-09,164,USB-C Fast Charging Cable 2m (Batch 20),Electronics & Accessories,403.0,153,153,7.5,7.3,7.1,0,14,2,0.005,116,17,0,0,0
2026-02-09 06:00:00,2026-02-09,165,Wireless Optical Mouse (Batch 20),Electronics & Accessories,908.3,9,9,4.6,4.9,4.7,0,8,0,0.0424,48,11,0,1,1
2026-02-09 09:00:00,2026-02-09,166,Organic Whole Milk 1L (Batch 21),Dairy & Fresh,62.79,243,243,19.7,44.5,19.6,0,4,1,0.0207,127,49,0,1,1
2026-02-09 12:00:00,2026-02-09,167,Greek Yogurt 400g (Batch 21),Dairy & Fresh,123.76,207,207,21.7,21.0,23.3,0,4,0,0.019,151,58,0,0,0
2026-02-09 15:00:00,2026-02-09,168,Artisan Sourdough Bread (Batch 21),Bakery,95.45,74,74,17.8,16.0,16.4,-35,1,7,0.0246,57,41,1,1,1
2026-02-09 18:00:00,2026-02-09,169,Sparkling Spring Water 500ml (Batch 21),Beverages,38.53,141,141,36.0,35.9,32.7,0,6,0,0.0518,277,81,0,1,1
2026-02-09 21:00:00,2026-02-09,170,Cold Pressed Orange Juice 1L (Batch 21),Beverages,184.92,123,123,13.6,13.6,13.6,0,4,1,0.0676,88,34,0,0,0
2026-02-10 00:00:00,2026-02-10,171,Premium Arabica Coffee 250g (Batch 21),Packaged Foods,414.73,26,0,11.2,12.7,11.6,-8,6,7,0.1626,98,29,1,1,1
2026-02-10 03:00:00,2026-02-10,172,Organic Rolled Oats 1kg (Batch 21),Packaged Foods,215.88,332,332,15.5,15.5,14.4,0,9,1,0.0488,165,36,0,0,0
2026-02-10 06:00:00,2026-02-10,173,Dark Chocolate Bar 70% (Batch 21),Snacks & Confectionery,150.15,39,39,14.6,12.7,14.4,0,6,0,0.0915,122,36,0,1,1
2026-02-10 09:00:00,2026-02-10,174,Almond Granola Bites (Batch 21),Snacks & Confectionery,257.24,82,82,7.1,6.1,7.5,0,1,3,0.0254,25,18,0,0,0
2026-02-10 12:00:00,2026-02-10,175,Antibacterial Hand Wash 500ml (Batch 21),Personal Care,134.43,454,454,14.5,12.6,15.0,0,7,2,0.0401,142,37,0,0,0
2026-02-10 15:00:00,2026-02-10,176,Hydrating Shampoo 400ml (Batch 21),Personal Care,350.8,142,142,7.0,16.6,7.4,0,8,2,0.0102,77,18,0,0,0
2026-02-10 18:00:00,2026-02-10,177,Biodegradable Dish Soap 1L (Batch 21),Household & Cleaning,195.35,185,185,15.8,17.9,16.7,0,3,0,0.1487,91,41,0,0,0
2026-02-10 21:00:00,2026-02-10,178,Microfiber Cleaning Cloths 4-Pack (Batch 21),Household & Cleaning,191.68,42,42,10.9,11.2,10.4,0,6,2,0.0835,88,26,0,1,1
2026-02-11 00:00:00,2026-02-11,179,USB-C Fast Charging Cable 2m (Batch 21),Electronics & Accessories,401.97,599,599,19.4,22.3,21.1,-2,8,5,0.005,220,52,0,0,0
2026-02-11 03:00:00,2026-02-11,180,Wireless Optical Mouse (Batch 21),Electronics & Accessories,791.94,19,2,8.2,8.6,8.8,-12,17,9,0.3206,171,22,1,1,1
2026-02-11 06:00:00,2026-02-11,181,Organic Whole Milk 1L (Batch 22),Dairy & Fresh,63.2,67,67,14.4,15.7,13.9,0,3,1,0.0412,75,34,0,1,1
2026-02-11 09:00:00,2026-02-11,182,Greek Yogurt 400g (Batch 22),Dairy & Fresh,133.86,262,262,18.9,40.5,19.3,3,5,0,0.0581,144,48,0,1,1
2026-02-11 12:00:00,2026-02-11,183,Artisan Sourdough Bread (Batch 22),Bakery,95.26,2,2,15.8,16.0,15.8,3,1,3,0.0458,54,39,0,1,1
2026-02-11 15:00:00,2026-02-11,184,Sparkling Spring Water 500ml (Batch 22),Beverages,37.72,52,52,29.9,27.5,31.7,3,1,0,0.0265,110,79,0,1,1
2026-02-11 18:00:00,2026-02-11,185,Cold Pressed Orange Juice 1L (Batch 22),Beverages,162.7,391,391,19.3,20.7,21.1,0,7,1,0.0833,199,52,0,0,0
2026-02-11 21:00:00,2026-02-11,186,Premium Arabica Coffee 250g (Batch 22),Packaged Foods,500.24,31,31,4.1,6.5,4.1,0,14,1,0.069,67,10,0,1,1
2026-02-12 00:00:00,2026-02-12,187,Organic Rolled Oats 1kg (Batch 22),Packaged Foods,210.1,429,429,16.9,18.3,16.5,0,11,4,0.0697,222,41,0,0,0
2026-02-12 03:00:00,2026-02-12,188,Dark Chocolate Bar 70% (Batch 22),Snacks & Confectionery,162.69,49,49,22.2,19.0,22.4,0,1,1,0.0326,78,56,0,1,1
2026-02-12 06:00:00,2026-02-12,189,Almond Granola Bites (Batch 22),Snacks & Confectionery,252.13,226,226,7.8,7.8,8.6,0,6,2,0.0163,72,21,0,0,0
2026-02-12 09:00:00,2026-02-12,190,Antibacterial Hand Wash 500ml (Batch 22),Personal Care,144.38,22,22,11.7,11.3,11.5,0,8,1,0.0386,120,28,0,1,1
2026-02-12 12:00:00,2026-02-12,191,Hydrating Shampoo 400ml (Batch 22),Personal Care,357.03,116,116,9.4,11.4,8.5,0,9,0,0.0709,97,21,0,0,0
2026-02-12 15:00:00,2026-02-12,192,Biodegradable Dish Soap 1L (Batch 22),Household & Cleaning,210.97,271,271,6.6,6.2,6.0,0,11,0,0.0251,81,15,0,0,0
2026-02-12 18:00:00,2026-02-12,193,Microfiber Cleaning Cloths 4-Pack (Batch 22),Household & Cleaning,163.37,23,23,9.6,12.9,9.9,0,9,1,0.0367,113,24,0,1,1
2026-02-12 21:00:00,2026-02-12,194,USB-C Fast Charging Cable 2m (Batch 22),Electronics & Accessories,389.51,325,325,17.4,17.1,17.2,0,8,1,0.0224,180,43,0,0,0
2026-02-13 00:00:00,2026-02-13,195,Wireless Optical Mouse (Batch 22),Electronics & Accessories,735.55,8,1,3.0,2.7,3.2,-16,14,6,0.2424,52,8,1,1,1
2026-02-13 03:00:00,2026-02-13,196,Organic Whole Milk 1L (Batch 23),Dairy & Fresh,59.73,449,449,30.6,32.7,30.8,-25,11,3,0.0359,415,77,1,0,0
2026-02-13 06:00:00,2026-02-13,197,Greek Yogurt 400g (Batch 23),Dairy & Fresh,128.12,52,52,14.5,13.0,13.2,0,4,4,0.0145,85,33,0,1,1
2026-02-13 09:00:00,2026-02-13,198,Artisan Sourdough Bread (Batch 23),Bakery,85.75,4,4,13.4,14.9,12.5,0,2,1,0.0061,56,31,0,1,1
2026-02-13 12:00:00,2026-02-13,199,Sparkling Spring Water 500ml (Batch 23),Beverages,42.6,170,170,29.8,36.3,27.1,0,4,1,0.0748,175,67,0,1,1
2026-02-13 15:00:00,2026-02-13,200,Cold Pressed Orange Juice 1L (Batch 23),Beverages,193.79,271,271,9.8,9.2,9.8,0,5,5,0.0106,73,24,0,0,0
2026-02-13 18:00:00,2026-02-13,201,Premium Arabica Coffee 250g (Batch 23),Packaged Foods,423.25,185,185,8.4,9.6,8.4,0,12,1,0.005,121,21,0,0,0
2026-02-13 21:00:00,2026-02-13,202,Organic Rolled Oats 1kg (Batch 23),Packaged Foods,214.02,18,18,13.4,16.1,14.7,0,3,1,0.1167,80,36,0,1,1
2026-02-14 00:00:00,2026-02-14,203,Dark Chocolate Bar 70% (Batch 23),Snacks & Confectionery,164.25,28,28,23.4,21.4,24.1,0,3,1,0.1024,132,60,0,1,1
2026-02-14 03:00:00,2026-02-14,204,Almond Granola Bites (Batch 23),Snacks & Confectionery,223.85,118,118,7.9,8.7,7.8,0,6,2,0.1451,65,19,0,0,0
2026-02-14 06:00:00,2026-02-14,205,Antibacterial Hand Wash 500ml (Batch 23),Personal Care,139.47,42,42,14.2,13.6,15.1,0,3,0,0.0905,82,37,0,1,1
2026-02-14 09:00:00,2026-02-14,206,Hydrating Shampoo 400ml (Batch 23),Personal Care,291.3,151,151,14.4,15.0,13.0,0,8,3,0.07,136,32,0,0,0
2026-02-14 12:00:00,2026-02-14,207,Biodegradable Dish Soap 1L (Batch 23),Household & Cleaning,197.59,267,267,13.9,15.2,13.2,-15,10,4,0.0518,165,33,1,0,0
2026-02-14 15:00:00,2026-02-14,208,Microfiber Cleaning Cloths 4-Pack (Batch 23),Household & Cleaning,194.84,208,208,11.0,11.7,10.1,0,10,2,0.0527,126,25,0,0,0
2026-02-14 18:00:00,2026-02-14,209,USB-C Fast Charging Cable 2m (Batch 23),Electronics & Accessories,443.79,176,29,9.4,11.8,9.0,-11,14,9,0.1615,148,22,1,1,1
2026-02-14 21:00:00,2026-02-14,210,Wireless Optical Mouse (Batch 23),Electronics & Accessories,829.46,33,33,4.3,4.6,4.5,0,8,3,0.0809,47,11,0,0,0
2026-02-15 00:00:00,2026-02-15,211,Organic Whole Milk 1L (Batch 24),Dairy & Fresh,66.16,167,167,22.2,22.5,20.1,0,2,4,0.0319,90,50,0,0,0
2026-02-15 03:00:00,2026-02-15,212,Greek Yogurt 400g (Batch 24),Dairy & Fresh,113.97,135,135,7.2,7.1,6.7,0,8,2,0.0644,69,16,0,0,0
2026-02-15 06:00:00,2026-02-15,213,Artisan Sourdough Bread (Batch 24),Bakery,105.25,65,65,12.9,13.3,11.9,0,4,3,0.0233,76,29,0,1,1
2026-02-15 09:00:00,2026-02-15,214,Sparkling Spring Water 500ml (Batch 24),Beverages,42.87,312,312,36.1,40.8,34.8,-41,3,6,0.0523,191,87,1,0,0
2026-02-15 12:00:00,2026-02-15,215,Cold Pressed Orange Juice 1L (Batch 24),Beverages,174.56,190,190,14.5,16.4,15.8,0,3,1,0.0506,86,39,0,0,0
2026-02-15 15:00:00,2026-02-15,216,Premium Arabica Coffee 250g (Batch 24),Packaged Foods,483.7,95,95,11.9,10.8,12.7,0,13,1,0.1758,196,31,0,0,0
2026-02-15 18:00:00,2026-02-15,217,Organic Rolled Oats 1kg (Batch 24),Packaged Foods,210.85,76,76,10.6,10.1,10.6,0,9,1,0.0165,121,26,0,0,0
2026-02-15 21:00:00,2026-02-15,218,Dark Chocolate Bar 70% (Batch 24),Snacks & Confectionery,170.76,131,131,31.6,36.2,32.7,0,5,3,0.0478,244,81,0,1,1
2026-02-16 00:00:00,2026-02-16,219,Almond Granola Bites (Batch 24),Snacks & Confectionery,268.07,58,58,9.5,9.4,9.5,-23,4,5,0.0993,61,23,1,1,1
2026-02-16 03:00:00,2026-02-16,220,Antibacterial Hand Wash 500ml (Batch 24),Personal Care,147.74,22,22,7.8,7.7,7.7,0,11,1,0.033,103,19,0,1,1
2026-02-16 06:00:00,2026-02-16,221,Hydrating Shampoo 400ml (Batch 24),Personal Care,312.43,143,143,7.4,7.7,8.1,0,7,0,0.0478,76,20,0,0,0
2026-02-16 09:00:00,2026-02-16,222,Biodegradable Dish Soap 1L (Batch 24),Household & Cleaning,211.87,25,25,12.2,11.6,13.0,0,5,1,0.0122,97,32,0,1,1
2026-02-16 12:00:00,2026-02-16,223,Microfiber Cleaning Cloths 4-Pack (Batch 24),Household & Cleaning,165.78,29,29,8.1,7.7,8.1,0,9,1,0.0206,92,20,0,1,1
2026-02-16 15:00:00,2026-02-16,224,USB-C Fast Charging Cable 2m (Batch 24),Electronics & Accessories,369.97,217,38,10.1,9.0,10.1,-12,12,8,0.2476,146,25,1,1,1
2026-02-16 18:00:00,2026-02-16,225,Wireless Optical Mouse (Batch 24),Electronics & Accessories,735.15,99,99,6.8,7.7,6.2,0,17,3,0.007,120,15,0,0,0
2026-02-16 21:00:00,2026-02-16,226,Organic Whole Milk 1L (Batch 25),Dairy & Fresh,65.9,354,354,30.1,25.7,30.1,0,4,0,0.0233,195,75,0,0,0
2026-02-17 00:00:00,2026-02-17,227,Greek Yogurt 400g (Batch 25),Dairy & Fresh,121.44,10,10,10.4,10.7,10.7,0,1,1,0.0807,36,26,0,1,1
2026-02-17 03:00:00,2026-02-17,228,Artisan Sourdough Bread (Batch 25),Bakery,97.31,127,127,19.0,18.1,18.7,0,2,0,0.0087,83,46,0,0,0
2026-02-17 06:00:00,2026-02-17,229,Sparkling Spring Water 500ml (Batch 25),Beverages,45.5,200,200,15.2,15.8,15.3,0,4,4,0.0839,99,38,0,0,0
2026-02-17 09:00:00,2026-02-17,230,Cold Pressed Orange Juice 1L (Batch 25),Beverages,203.9,58,58,12.7,11.8,13.0,-22,2,6,0.0142,58,32,1,1,1
2026-02-17 12:00:00,2026-02-17,231,Premium Arabica Coffee 250g (Batch 25),Packaged Foods,446.5,162,162,12.2,13.3,11.3,0,5,0,0.1165,84,28,0,0,0
2026-02-17 15:00:00,2026-02-17,232,Organic Rolled Oats 1kg (Batch 25),Packaged Foods,197.74,122,122,18.2,15.7,16.5,-2,8,3,0.0279,173,41,0,0,0
2026-02-17 18:00:00,2026-02-17,233,Dark Chocolate Bar 70% (Batch 25),Snacks & Confectionery,174.57,238,238,22.8,21.6,20.9,0,3,2,0.0297,114,52,0,0,0
2026-02-17 21:00:00,2026-02-17,234,Almond Granola Bites (Batch 25),Snacks & Confectionery,267.5,352,352,8.3,16.0,7.8,0,9,2,0.0262,89,19,0,0,0
2026-02-18 00:00:00,2026-02-18,235,Antibacterial Hand Wash 500ml (Batch 25),Personal Care,135.56,396,396,22.3,22.7,22.8,0,6,0,0.0297,193,57,0,0,0
2026-02-18 03:00:00,2026-02-18,236,Hydrating Shampoo 400ml (Batch 25),Personal Care,362.33,179,179,14.4,13.5,14.7,0,9,4,0.1427,168,36,0,0,0
2026-02-18 06:00:00,2026-02-18,237,Biodegradable Dish Soap 1L (Batch 25),Household & Cleaning,218.15,10,10,13.5,15.3,13.3,0,7,0,0.1194,126,33,0,1,1
2026-02-18 09:00:00,2026-02-18,238,Microfiber Cleaning Cloths 4-Pack (Batch 25),Household & Cleaning,170.47,14,14,5.5,5.9,5.5,-10,6,1,0.1526,46,13,0,1,1
2026-02-18 12:00:00,2026-02-18,239,USB-C Fast Charging Cable 2m (Batch 25),Electronics & Accessories,421.59,129,129,8.4,12.6,9.2,0,8,1,0.0615,96,23,0,0,0
2026-02-18 15:00:00,2026-02-18,240,Wireless Optical Mouse (Batch 25),Electronics & Accessories,889.36,152,152,8.4,9.1,8.4,0,11,2,0.1272,113,21,0,0,0
2026-02-18 18:00:00,2026-02-18,241,Organic Whole Milk 1L (Batch 26),Dairy & Fresh,61.47,390,390,35.8,34.8,37.2,0,4,0,0.0181,241,93,0,0,0
2026-02-18 21:00:00,2026-02-18,242,Greek Yogurt 400g (Batch 26),Dairy & Fresh,114.07,114,114,24.9,22.8,22.4,3,5,1,0.0992,168,56,0,1,1
2026-02-19 00:00:00,2026-02-19,243,Artisan Sourdough Bread (Batch 26),Bakery,92.42,53,53,18.0,19.4,16.7,0,5,2,0.0336,124,41,0,1,1
2026-02-19 03:00:00,2026-02-19,244,Sparkling Spring Water 500ml (Batch 26),Beverages,41.07,341,341,44.8,44.4,48.1,-2,6,0,0.166,408,120,0,0,0
2026-02-19 06:00:00,2026-02-19,245,Cold Pressed Orange Juice 1L (Batch 26),Beverages,177.28,38,38,6.1,11.6,6.4,3,2,0,0.0317,28,16,0,1,1
2026-02-19 09:00:00,2026-02-19,246,Premium Arabica Coffee 250g (Batch 26),Packaged Foods,448.57,7,7,8.8,7.7,9.5,0,5,2,0.0293,70,23,0,1,1
2026-02-19 12:00:00,2026-02-19,247,Organic Rolled Oats 1kg (Batch 26),Packaged Foods,189.3,39,39,17.5,15.3,16.2,0,6,1,0.1972,137,40,0,1,1
2026-02-19 15:00:00,2026-02-19,248,Dark Chocolate Bar 70% (Batch 26),Snacks & Confectionery,180.18,30,30,21.9,20.7,21.2,0,3,2,0.1106,116,53,0,1,1
2026-02-19 18:00:00,2026-02-19,249,Almond Granola Bites (Batch 26),Snacks & Confectionery,269.49,159,159,9.9,9.0,9.7,0,7,0,0.0283,91,24,0,0,0
2026-02-19 21:00:00,2026-02-19,250,Antibacterial Hand Wash 500ml (Batch 26),Personal Care,154.44,226,226,16.9,25.0,16.0,-34,7,7,0.0863,152,40,1,0,0
2026-02-20 00:00:00,2026-02-20,251,Hydrating Shampoo 400ml (Batch 26),Personal Care,326.76,80,7,9.4,10.3,8.5,-19,2,8,0.1253,38,21,1,1,1
2026-02-20 03:00:00,2026-02-20,252,Biodegradable Dish Soap 1L (Batch 26),Household & Cleaning,177.34,12,12,15.5,19.5,16.1,0,4,1,0.0075,104,40,0,1,1
2026-02-20 06:00:00,2026-02-20,253,Microfiber Cleaning Cloths 4-Pack (Batch 26),Household & Cleaning,174.32,133,133,5.8,5.6,5.9,0,12,1,0.0623,84,14,0,0,0
2026-02-20 09:00:00,2026-02-20,254,USB-C Fast Charging Cable 2m (Batch 26),Electronics & Accessories,432.05,457,457,14.5,12.8,15.3,0,7,2,0.0858,145,38,0,0,0
2026-02-20 12:00:00,2026-02-20,255,Wireless Optical Mouse (Batch 26),Electronics & Accessories,808.58,213,213,7.2,7.6,7.3,-34,11,6,0.0884,98,18,1,0,0
2026-02-20 15:00:00,2026-02-20,256,Organic Whole Milk 1L (Batch 27),Dairy & Fresh,64.48,79,79,29.8,28.2,31.8,0,3,4,0.1041,174,79,0,1,1
2026-02-20 18:00:00,2026-02-20,257,Greek Yogurt 400g (Batch 27),Dairy & Fresh,131.87,176,176,16.9,17.8,16.2,0,5,5,0.079,121,40,0,0,0
2026-02-20 21:00:00,2026-02-20,258,Artisan Sourdough Bread (Batch 27),Bakery,102.37,136,136,19.1,18.7,18.9,0,1,1,0.005,65,47,0,0,0
2026-02-21 00:00:00,2026-02-21,259,Sparkling Spring Water 500ml (Batch 27),Beverages,42.28,100,100,25.3,25.1,24.2,0,4,4,0.1017,156,60,0,1,1
2026-02-21 03:00:00,2026-02-21,260,Cold Pressed Orange Juice 1L (Batch 27),Beverages,174.29,2,2,12.1,11.0,13.1,-22,2,5,0.0509,58,32,1,1,1
2026-02-21 06:00:00,2026-02-21,261,Premium Arabica Coffee 250g (Batch 27),Packaged Foods,411.01,21,21,6.2,7.0,6.2,0,5,4,0.008,46,15,0,1,1
2026-02-21 09:00:00,2026-02-21,262,Organic Rolled Oats 1kg (Batch 27),Packaged Foods,227.39,91,91,18.0,19.0,16.2,0,4,0,0.0616,104,40,0,1,1
2026-02-21 12:00:00,2026-02-21,263,Dark Chocolate Bar 70% (Batch 27),Snacks & Confectionery,178.03,242,242,12.1,10.7,11.9,0,7,0,0.0397,112,29,0,0,0
2026-02-21 15:00:00,2026-02-21,264,Almond Granola Bites (Batch 27),Snacks & Confectionery,249.47,13,13,7.6,6.8,7.2,0,5,2,0.0428,54,18,0,1,1
2026-02-21 18:00:00,2026-02-21,265,Antibacterial Hand Wash 500ml (Batch 27),Personal Care,153.49,195,195,8.5,9.4,9.3,0,9,1,0.0631,106,23,0,0,0
2026-02-21 21:00:00,2026-02-21,266,Hydrating Shampoo 400ml (Batch 27),Personal Care,343.58,196,196,5.4,5.1,5.7,0,8,2,0.1421,59,14,0,0,0
2026-02-22 00:00:00,2026-02-22,267,Biodegradable Dish Soap 1L (Batch 27),Household & Cleaning,201.79,162,162,14.0,12.5,14.2,0,5,0,0.032,106,35,0,0,0
2026-02-22 03:00:00,2026-02-22,268,Microfiber Cleaning Cloths 4-Pack (Batch 27),Household & Cleaning,187.88,197,197,5.6,8.2,5.3,0,11,3,0.022,71,13,0,0,0
2026-02-22 06:00:00,2026-02-22,269,USB-C Fast Charging Cable 2m (Batch 27),Electronics & Accessories,398.69,246,246,11.6,13.1,11.4,0,12,0,0.0136,164,28,0,0,0
2026-02-22 09:00:00,2026-02-22,270,Wireless Optical Mouse (Batch 27),Electronics & Accessories,789.03,59,59,6.8,6.7,6.2,0,6,3,0.0567,52,15,0,0,0
2026-02-22 12:00:00,2026-02-22,271,Organic Whole Milk 1L (Batch 28),Dairy & Fresh,63.65,187,187,27.2,23.5,25.1,3,2,0,0.0148,112,62,0,0,0
2026-02-22 15:00:00,2026-02-22,272,Greek Yogurt 400g (Batch 28),Dairy & Fresh,122.87,154,27,16.0,15.2,17.2,-8,4,6,0.2663,111,43,1,1,1
2026-02-22 18:00:00,2026-02-22,273,Artisan Sourdough Bread (Batch 28),Bakery,107.77,167,167,16.7,18.3,17.7,0,1,0,0.157,61,44,0,0,0
2026-02-22 21:00:00,2026-02-22,274,Sparkling Spring Water 500ml (Batch 28),Beverages,40.58,342,342,21.1,18.9,22.0,0,5,1,0.0752,165,55,0,0,0
2026-02-23 00:00:00,2026-02-23,275,Cold Pressed Orange Juice 1L (Batch 28),Beverages,204.8,238,238,14.0,13.8,14.9,0,5,1,0.0539,111,37,0,0,0
2026-02-23 03:00:00,2026-02-23,276,Premium Arabica Coffee 250g (Batch 28),Packaged Foods,414.04,5,5,12.4,13.4,11.4,0,6,2,0.0344,96,28,0,1,1
2026-02-23 06:00:00,2026-02-23,277,Organic Rolled Oats 1kg (Batch 28),Packaged Foods,202.43,124,124,17.5,16.9,16.7,0,4,0,0.0739,107,41,0,0,0
2026-02-23 09:00:00,2026-02-23,278,Dark Chocolate Bar 70% (Batch 28),Snacks & Confectionery,180.17,39,39,33.1,31.2,36.4,0,1,3,0.0368,127,91,0,1,1
2026-02-23 12:00:00,2026-02-23,279,Almond Granola Bites (Batch 28),Snacks & Confectionery,220.46,6,6,11.4,12.0,11.9,0,7,2,0.0111,112,29,0,1,1
2026-02-23 15:00:00,2026-02-23,280,Antibacterial Hand Wash 500ml (Batch 28),Personal Care,138.78,197,197,17.8,19.1,16.2,0,13,1,0.1502,250,40,0,0,0
2026-02-23 18:00:00,2026-02-23,281,Hydrating Shampoo 400ml (Batch 28),Personal Care,303.08,77,77,8.7,9.7,8.2,3,10,3,0.1536,102,20,0,0,0
2026-02-23 21:00:00,2026-02-23,282,Biodegradable Dish Soap 1L (Batch 28),Household & Cleaning,190.35,52,52,14.7,14.6,14.9,0,9,4,0.0784,171,37,0,1,1
2026-02-24 00:00:00,2026-02-24,283,Microfiber Cleaning Cloths 4-Pack (Batch 28),Household & Cleaning,197.81,120,120,6.0,6.6,6.2,0,8,0,0.0481,64,15,0,0,0
2026-02-24 03:00:00,2026-02-24,284,USB-C Fast Charging Cable 2m (Batch 28),Electronics & Accessories,427.55,83,83,10.3,11.4,10.5,0,13,1,0.1634,162,26,0,0,0
2026-02-24 06:00:00,2026-02-24,285,Wireless Optical Mouse (Batch 28),Electronics & Accessories,784.87,110,19,4.2,3.8,3.9,-9,16,7,0.2726,71,9,1,1,1
2026-02-24 09:00:00,2026-02-24,286,Organic Whole Milk 1L (Batch 29),Dairy & Fresh,60.96,117,117,20.2,19.7,18.3,0,1,4,0.0422,63,45,0,1,1
2026-02-24 12:00:00,2026-02-24,287,Greek Yogurt 400g (Batch 29),Dairy & Fresh,123.78,265,265,19.9,18.3,21.4,0,2,2,0.0786,95,53,0,0,0
2026-02-24 15:00:00,2026-02-24,288,Artisan Sourdough Bread (Batch 29),Bakery,108.25,47,47,12.8,13.8,12.1,0,1,3,0.0491,42,30,0,1,1
2026-02-24 18:00:00,2026-02-24,289,Sparkling Spring Water 500ml (Batch 29),Beverages,38.26,165,165,28.6,25.4,26.8,0,6,1,0.0501,227,67,0,1,1
2026-02-24 21:00:00,2026-02-24,290,Cold Pressed Orange Juice 1L (Batch 29),Beverages,171.07,8,8,10.3,10.8,10.9,-5,4,6,0.0225,70,27,0,1,1
2026-02-25 00:00:00,2026-02-25,291,Premium Arabica Coffee 250g (Batch 29),Packaged Foods,489.7,99,99,6.9,7.6,6.5,0,9,1,0.0183,74,16,0,0,0
2026-02-25 03:00:00,2026-02-25,292,Organic Rolled Oats 1kg (Batch 29),Packaged Foods,229.88,78,78,15.0,15.1,15.9,0,8,0,0.06,166,39,0,1,1
2026-02-25 06:00:00,2026-02-25,293,Dark Chocolate Bar 70% (Batch 29),Snacks & Confectionery,176.38,186,0,15.0,14.7,15.9,-17,14,6,0.2537,261,39,1,1,1
2026-02-25 09:00:00,2026-02-25,294,Almond Granola Bites (Batch 29),Snacks & Confectionery,237.11,26,26,7.1,7.5,6.5,-10,2,1,0.1884,29,16,0,1,1
2026-02-25 12:00:00,2026-02-25,295,Antibacterial Hand Wash 500ml (Batch 29),Personal Care,147.65,48,48,20.9,24.0,19.3,0,5,2,0.0918,144,48,0,1,1
2026-02-25 15:00:00,2026-02-25,296,Hydrating Shampoo 400ml (Batch 29),Personal Care,366.54,258,258,7.8,7.5,8.0,0,10,1,0.0954,100,20,0,0,0
2026-02-25 18:00:00,2026-02-25,297,Biodegradable Dish Soap 1L (Batch 29),Household & Cleaning,217.95,185,185,9.5,9.8,8.8,0,6,1,0.0634,74,22,0,0,0
2026-02-25 21:00:00,2026-02-25,298,Microfiber Cleaning Cloths 4-Pack (Batch 29),Household & Cleaning,162.37,156,7,10.2,11.1,10.8,-11,9,8,0.3166,124,27,1,1,1
2026-02-26 00:00:00,2026-02-26,299,USB-C Fast Charging Cable 2m (Batch 29),Electronics & Accessories,384.3,118,118,8.3,8.9,7.7,0,11,2,0.013,103,19,0,0,0
2026-02-26 03:00:00,2026-02-26,300,Wireless Optical Mouse (Batch 29),Electronics & Accessories,901.22,175,175,8.8,9.0,8.8,0,10,3,0.0406,110,22,0,0,0
2026-02-26 06:00:00,2026-02-26,301,Organic Whole Milk 1L (Batch 30),Dairy & Fresh,62.24,281,281,22.7,26.1,20.7,0,1,0,0.0802,71,51,0,0,0
2026-02-26 09:00:00,2026-02-26,302,Greek Yogurt 400g (Batch 30),Dairy & Fresh,131.43,125,125,14.1,15.5,14.0,0,4,1,0.0186,91,35,0,0,0
2026-02-26 12:00:00,2026-02-26,303,Artisan Sourdough Bread (Batch 30),Bakery,88.38,22,22,12.2,11.5,13.1,0,1,0,0.0525,45,32,0,1,1
2026-02-26 15:00:00,2026-02-26,304,Sparkling Spring Water 500ml (Batch 30),Beverages,38.96,105,5,43.7,46.1,41.9,-9,3,6,0.305,229,104,1,1,1
2026-02-26 18:00:00,2026-02-26,305,Cold Pressed Orange Juice 1L (Batch 30),Beverages,171.32,102,102,12.3,6.5,12.4,0,3,2,0.0263,68,31,0,0,0
2026-02-26 21:00:00,2026-02-26,306,Premium Arabica Coffee 250g (Batch 30),Packaged Foods,472.96,79,79,5.6,4.8,5.1,0,6,1,0.0385,42,12,0,0,0
2026-02-27 00:00:00,2026-02-27,307,Organic Rolled Oats 1kg (Batch 30),Packaged Foods,234.21,104,104,14.3,14.8,14.4,0,19,1,0.0425,309,36,0,0,0
2026-02-27 03:00:00,2026-02-27,308,Dark Chocolate Bar 70% (Batch 30),Snacks & Confectionery,176.08,166,166,23.0,24.8,25.1,0,6,2,0.0195,212,62,0,1,1
2026-02-27 06:00:00,2026-02-27,309,Almond Granola Bites (Batch 30),Snacks & Confectionery,269.43,35,4,5.7,6.4,5.9,-16,1,11,0.1695,19,14,1,1,1
2026-02-27 09:00:00,2026-02-27,310,Antibacterial Hand Wash 500ml (Batch 30),Personal Care,156.67,133,133,27.1,31.1,26.3,0,6,3,0.0133,222,65,0,1,1
2026-02-27 12:00:00,2026-02-27,311,Hydrating Shampoo 400ml (Batch 30),Personal Care,313.7,137,137,7.2,6.2,6.9,0,7,3,0.0127,65,17,0,0,0
2026-02-27 15:00:00,2026-02-27,312,Biodegradable Dish Soap 1L (Batch 30),Household & Cleaning,210.71,207,207,17.5,15.6,18.8,-5,4,1,0.0164,122,47,0,0,0
2026-02-27 18:00:00,2026-02-27,313,Microfiber Cleaning Cloths 4-Pack (Batch 30),Household & Cleaning,203.68,83,83,10.7,9.8,10.3,-5,12,2,0.0787,148,25,0,0,0
2026-02-27 21:00:00,2026-02-27,314,USB-C Fast Charging Cable 2m (Batch 30),Electronics & Accessories,433.91,58,58,9.5,9.9,10.1,0,9,3,0.0261,115,25,0,1,1
2026-02-28 00:00:00,2026-02-28,315,Wireless Optical Mouse (Batch 30),Electronics & Accessories,754.76,6,6,4.3,4.8,4.5,0,13,1,0.1181,69,11,0,1,1
2026-02-28 03:00:00,2026-02-28,316,Organic Whole Milk 1L (Batch 31),Dairy & Fresh,74.03,160,160,33.4,33.9,30.4,0,4,0,0.0514,197,76,0,1,1
2026-02-28 06:00:00,2026-02-28,317,Greek Yogurt 400g (Batch 31),Dairy & Fresh,120.81,10,10,18.3,18.9,19.9,0,2,3,0.0374,88,49,0,1,1
2026-02-28 09:00:00,2026-02-28,318,Artisan Sourdough Bread (Batch 31),Bakery,96.31,113,113,14.6,14.2,15.7,0,2,1,0.0175,70,39,0,0,0
2026-02-28 12:00:00,2026-02-28,319,Sparkling Spring Water 500ml (Batch 31),Beverages,41.85,309,309,40.0,34.9,43.6,0,9,1,0.0377,501,109,0,0,0
2026-02-28 15:00:00,2026-02-28,320,Cold Pressed Orange Juice 1L (Batch 31),Beverages,162.49,191,191,20.4,22.1,22.0,0,5,2,0.1659,165,55,0,0,0
2026-02-28 18:00:00,2026-02-28,321,Premium Arabica Coffee 250g (Batch 31),Packaged Foods,495.08,46,46,8.8,9.2,9.1,0,6,3,0.0072,76,22,0,1,1
2026-02-28 21:00:00,2026-02-28,322,Organic Rolled Oats 1kg (Batch 31),Packaged Foods,235.89,139,31,12.1,12.5,11.5,-15,7,9,0.1372,108,28,1,1,1
2026-03-01 00:00:00,2026-03-01,323,Dark Chocolate Bar 70% (Batch 31),Snacks & Confectionery,148.41,421,421,18.4,17.6,16.7,3,4,1,0.0345,107,41,0,0,0
2026-03-01 03:00:00,2026-03-01,324,Almond Granola Bites (Batch 31),Snacks & Confectionery,248.4,175,175,11.0,9.5,10.3,-5,9,2,0.115,117,25,0,0,0
2026-03-01 06:00:00,2026-03-01,325,Antibacterial Hand Wash 500ml (Batch 31),Personal Care,135.95,19,19,11.4,10.8,10.5,-5,5,1,0.0377,78,26,0,1,1
2026-03-01 09:00:00,2026-03-01,326,Hydrating Shampoo 400ml (Batch 31),Personal Care,309.75,360,360,10.6,11.7,11.4,0,6,1,0.0094,96,28,0,0,0
2026-03-01 12:00:00,2026-03-01,327,Biodegradable Dish Soap 1L (Batch 31),Household & Cleaning,207.4,5,5,9.5,10.3,10.3,0,1,2,0.0497,35,25,0,1,1
2026-03-01 15:00:00,2026-03-01,328,Microfiber Cleaning Cloths 4-Pack (Batch 31),Household & Cleaning,178.28,80,80,7.0,6.5,7.3,0,13,2,0.005,112,18,0,0,0
2026-03-01 18:00:00,2026-03-01,329,USB-C Fast Charging Cable 2m (Batch 31),Electronics & Accessories,440.54,103,103,10.6,10.5,10.7,0,8,1,0.0719,111,26,0,0,0
2026-03-01 21:00:00,2026-03-01,330,Wireless Optical Mouse (Batch 31),Electronics & Accessories,885.57,406,406,9.4,10.7,8.8,0,14,1,0.0132,145,22,0,0,0
2026-03-02 00:00:00,2026-03-02,331,Organic Whole Milk 1L (Batch 32),Dairy & Fresh,59.82,96,96,16.0,15.3,16.3,0,2,2,0.0757,72,40,0,1,1
2026-03-02 03:00:00,2026-03-02,332,Greek Yogurt 400g (Batch 32),Dairy & Fresh,136.22,94,94,20.4,19.3,21.9,0,4,1,0.0054,141,54,0,1,1
2026-03-02 06:00:00,2026-03-02,333,Artisan Sourdough Bread (Batch 32),Bakery,88.38,1,1,18.3,9.0,19.7,0,2,1,0.0108,88,49,0,1,1
2026-03-02 09:00:00,2026-03-02,334,Sparkling Spring Water 500ml (Batch 32),Beverages,40.32,760,760,49.2,71.0,45.7,0,8,3,0.0325,479,114,0,0,0
2026-03-02 12:00:00,2026-03-02,335,Cold Pressed Orange Juice 1L (Batch 32),Beverages,192.51,126,126,19.2,17.4,19.1,0,1,0,0.0376,66,47,0,0,0
2026-03-02 15:00:00,2026-03-02,336,Premium Arabica Coffee 250g (Batch 32),Packaged Foods,436.55,9,9,10.8,11.3,11.6,-2,10,0,0.0332,145,29,0,1,1
2026-03-02 18:00:00,2026-03-02,337,Organic Rolled Oats 1kg (Batch 32),Packaged Foods,218.14,76,76,11.1,17.2,10.2,0,5,0,0.1552,76,25,0,1,1
2026-03-02 21:00:00,2026-03-02,338,Dark Chocolate Bar 70% (Batch 32),Snacks & Confectionery,175.43,422,422,25.1,22.7,26.7,0,6,3,0.0973,226,66,0,0,0
2026-03-03 00:00:00,2026-03-03,339,Almond Granola Bites (Batch 32),Snacks & Confectionery,240.64,224,224,13.2,14.2,14.2,0,6,1,0.0101,120,35,0,0,0
2026-03-03 03:00:00,2026-03-03,340,Antibacterial Hand Wash 500ml (Batch 32),Personal Care,137.93,37,37,15.2,19.8,14.9,0,7,1,0.0969,141,37,0,1,1
2026-03-03 06:00:00,2026-03-03,341,Hydrating Shampoo 400ml (Batch 32),Personal Care,293.25,104,25,12.3,10.7,12.8,-10,5,11,0.2533,96,32,1,1,1
2026-03-03 09:00:00,2026-03-03,342,Biodegradable Dish Soap 1L (Batch 32),Household & Cleaning,176.29,51,51,4.8,5.5,4.8,0,3,0,0.0495,26,12,0,0,0
2026-03-03 12:00:00,2026-03-03,343,Microfiber Cleaning Cloths 4-Pack (Batch 32),Household & Cleaning,203.86,10,10,7.7,7.1,7.8,-2,10,1,0.0762,97,19,0,1,1
2026-03-03 15:00:00,2026-03-03,344,USB-C Fast Charging Cable 2m (Batch 32),Electronics & Accessories,385.3,182,182,8.4,12.4,9.1,-2,9,1,0.0451,103,22,0,0,0
2026-03-03 18:00:00,2026-03-03,345,Wireless Optical Mouse (Batch 32),Electronics & Accessories,769.65,71,71,5.7,5.9,5.8,0,11,0,0.104,77,14,0,0,0
2026-03-03 21:00:00,2026-03-03,346,Organic Whole Milk 1L (Batch 33),Dairy & Fresh,74.3,46,46,11.7,12.0,11.3,0,1,2,0.0646,39,28,0,1,1
2026-03-04 00:00:00,2026-03-04,347,Greek Yogurt 400g (Batch 33),Dairy & Fresh,124.0,48,48,17.3,19.1,17.6,0,6,1,0.0221,149,44,0,1,1
2026-03-04 03:00:00,2026-03-04,348,Artisan Sourdough Bread (Batch 33),Bakery,97.2,62,3,21.9,21.9,22.6,-14,1,8,0.2439,78,56,1,1,1
2026-03-04 06:00:00,2026-03-04,349,Sparkling Spring Water 500ml (Batch 33),Beverages,38.54,27,27,21.3,18.4,22.9,-2,5,3,0.0597,171,57,0,1,1
2026-03-04 09:00:00,2026-03-04,350,Cold Pressed Orange Juice 1L (Batch 33),Beverages,196.01,41,41,11.0,11.8,10.5,0,4,1,0.0269,68,26,0,1,1
